crypto_txn_id,user_id,occurred_at,direction,asset,network,wallet_id,counterparty_wallet_id,amount_asset,amount_twd_equiv,tx_hash,status,onchain_risk_seed,scenario_id,tags
ctx_000113,usr_000070,2026-01-01T03:59:24,deposit,USDT,TRON,wal_000208,wal_000713,341.562813,10930.01,17dd4d2c0ef376bc0137b19df1fc58c351a34fdd,completed,clean,,base_onchain
ctx_000183,usr_000128,2026-01-01T11:09:59,deposit,USDT,TRON,wal_000382,wal_000783,3046.314688,97482.07,dc8f9f39b7c6480ceda81361ba18a1aa8c100819,completed,clean,,base_onchain
ctx_000219,usr_000148,2026-01-01T13:50:21,deposit,USDT,TRON,wal_000442,wal_000819,185.929062,5949.73,8a80b72ed62b7adc34674167d3417eba61a56320,completed,clean,,base_onchain
ctx_000143,usr_000092,2026-01-01T16:08:25,deposit,USDT,TRON,wal_000274,wal_000743,525.435313,16813.93,0703ba894da29a4a90c75e20b137a056b44480b6,completed,clean,,base_onchain
ctx_000064,usr_000033,2026-01-01T16:55:54,deposit,USDT,TRON,wal_000097,wal_000664,390.370938,12491.87,2bd125c6df681c70dc4233bd5935073ae367bcd2,completed,clean,,base_onchain
ctx_000128,usr_000087,2026-01-01T18:55:33,deposit,USDT,TRON,wal_000259,wal_000728,254.978438,8159.31,1c9a7c2be427e9a05ccb92c83f87347f54697d9f,completed,clean,,base_onchain
ctx_000047,usr_000020,2026-01-01T22:23:22,deposit,USDT,TRON,wal_000058,wal_000647,634.380625,20300.18,3ff82cb70917eb7c000aadd987a8966a530df730,completed,clean,,base_onchain
ctx_000174,usr_000111,2026-01-02T11:38:33,deposit,ETH,ETH,wal_000333,wal_000774,4.09328745,450261.62,f930eddf115a2e7676188526cc8c49cf647b1bd0,completed,clean,,base_onchain
ctx_000306,usr_000198,2026-01-02T12:14:25,deposit,USDT,TRON,wal_000592,wal_000906,102.321562,3274.29,e41c169f09baff751334c0a664a4c5e75813be26,completed,clean,,base_onchain
ctx_000104,usr_000066,2026-01-02T13:03:47,deposit,USDT,TRON,wal_000196,wal_000704,2205.875,70588.0,c3444545db853943bbf1e0c81ffdd8b4db5f6e95,completed,clean,,base_onchain
ctx_000078,usr_000046,2026-01-02T14:04:18,deposit,USDT,TRON,wal_000136,wal_000678,845.436563,27053.97,a8337208a6670ee336993e83144c9a77df2bb753,completed,clean,,base_onchain
ctx_000011,usr_000004,2026-01-02T14:28:06,deposit,BTC,BTC,wal_000011,wal_000611,0.01292847,28442.63,02bc385cd329387a4d75dca422d5ec6ebd530acb,completed,clean,,base_onchain
ctx_000280,usr_000187,2026-01-02T17:39:45,deposit,ETH,ETH,wal_000561,wal_000880,0.21131018,23244.12,a8df00a6bc66a249cfefe56ab29674a56248966c,completed,clean,,base_onchain
ctx_000005,usr_000003,2026-01-02T18:05:42,deposit,USDT,TRON,wal_000007,wal_000605,4312.234688,137991.51,033ba8dea44d7bd7959ba3002218dc2985f5073d,completed,clean,,base_onchain
ctx_000102,usr_000063,2026-01-02T20:42:04,withdrawal,USDT,TRON,wal_000187,wal_000702,58.67921,1877.73,c7595b17f4c8e4f21aa4ddb823df60d4d609e321,completed,clean,,base_onchain
ctx_000043,usr_000018,2026-01-03T04:04:42,deposit,USDT,TRON,wal_000052,wal_000643,402.912188,12893.19,b298ccd8342f94b2f72d463f952b7db364fad192,completed,clean,,base_onchain
ctx_000136,usr_000090,2026-01-03T07:55:06,deposit,USDT,TRON,wal_000268,wal_000736,341.614688,10931.67,7ebb2572a6eff5ffc1f1f09830fc468058e5674a,completed,clean,,base_onchain
ctx_000044,usr_000018,2026-01-03T09:13:17,deposit,ETH,ETH,wal_000054,wal_000644,0.08088491,8897.34,23f61a02051e8c8f8df61b06341e306aeba71034,completed,clean,,base_onchain
ctx_000224,usr_000152,2026-01-03T12:19:48,deposit,USDT,TRON,wal_000454,wal_000824,1719.249375,55015.98,06a698875a85feadb0afd762fe79a602c18f0184,completed,clean,,base_onchain
ctx_000093,usr_000056,2026-01-03T16:50:33,withdrawal,USDT,TRON,wal_000166,wal_000693,86.820211,2778.25,effd50723baca7c5da884a171f8b5bbed8320a23,completed,clean,,base_onchain
ctx_000134,usr_000089,2026-01-03T17:16:56,deposit,USDT,TRON,wal_000265,wal_000734,537.174062,17189.57,4d56b4276b1e202a9b71edac765042a42a5ed8a6,completed,clean,,base_onchain
ctx_000272,usr_000182,2026-01-03T17:53:53,deposit,BTC,BTC,wal_000545,wal_000872,0.00192754,4240.59,94c6ae25960a7ff6f523457b9aa0c98408b96e60,completed,clean,,base_onchain
ctx_000160,usr_000101,2026-01-03T19:07:48,deposit,USDT,TRON,wal_000301,wal_000760,176.705,5654.56,4e5cacd9ff23bfc1d1e842b1263ae52d22c3524d,completed,clean,,base_onchain
ctx_000188,usr_000129,2026-01-03T19:34:40,withdrawal,ETH,ETH,wal_000387,wal_000788,3.07222307,337944.54,481cdec59a01843a29ffb67f41e4ba696fa29b30,completed,clean,,base_onchain
ctx_000142,usr_000091,2026-01-03T23:11:37,deposit,USDT,TRON,wal_000271,wal_000742,558.93625,17885.96,ee4dfae10622864c7f25d7c7bc725e58dbd3ab0e,completed,clean,,base_onchain
ctx_000054,usr_000023,2026-01-04T04:37:08,withdrawal,USDT,TRON,wal_000067,wal_000654,414.333102,13258.66,fce507809cf276a371fe7c5c2852c8a5ef113e06,completed,clean,,base_onchain
ctx_000042,usr_000014,2026-01-04T11:50:14,deposit,USDT,TRON,wal_000040,wal_000642,205.110938,6563.55,8192acbacb48b67b6a65fa76fe3df0f361a461c5,completed,clean,,base_onchain
ctx_000079,usr_000046,2026-01-04T14:23:52,withdrawal,USDT,TRON,wal_000136,wal_000679,465.501038,14896.03,4218a5dadaa218036a1cb796b98fb4403d191f3a,completed,clean,,base_onchain
ctx_000184,usr_000128,2026-01-04T15:10:05,deposit,ETH,ETH,wal_000384,wal_000784,2.47622264,272384.49,e743d9d88d74d15e4a891c536b17ce226a1e81b6,completed,clean,,base_onchain
ctx_000048,usr_000020,2026-01-04T15:29:04,deposit,USDT,TRON,wal_000058,wal_000648,604.840937,19354.91,f8e7962146f0a08bb8bd593f61430b5e30ddf73f,completed,clean,,base_onchain
ctx_000240,usr_000164,2026-01-04T22:33:55,deposit,USDT,TRON,wal_000490,wal_000840,9528.005312,304896.17,e90c60dc814e7a5c9300336a5a246e761381834d,completed,clean,,base_onchain
ctx_000041,usr_000012,2026-01-05T02:06:40,deposit,ETH,ETH,wal_000036,wal_000641,0.09096782,10006.46,dc0f0e85856eb6789038e54b880683b25f03244a,completed,clean,,base_onchain
ctx_000175,usr_000111,2026-01-05T04:04:41,withdrawal,ETH,ETH,wal_000333,wal_000775,0.27929111,30722.02,19ca5f7444dc7080a645e4cd065b117c1747e543,completed,clean,,base_onchain
ctx_000208,usr_000140,2026-01-05T07:44:13,deposit,USDT,TRON,wal_000418,wal_000808,1210.997813,38751.93,42395517ef166a2a90c4b3a34a927fd31a68d70b,completed,clean,,base_onchain
ctx_000203,usr_000136,2026-01-05T11:05:08,deposit,BTC,BTC,wal_000407,wal_000803,0.00940842,20698.52,d3580f2b60ac398398e06684c90d92986c094ca6,completed,clean,,base_onchain
ctx_000130,usr_000088,2026-01-05T11:17:46,deposit,USDT,TRON,wal_000262,wal_000730,1687.340625,53994.9,36e5eebf163c50ab60ca7f2c1efe9d470bd08ad2,completed,clean,,base_onchain
ctx_000281,usr_000187,2026-01-05T11:58:08,deposit,USDT,TRON,wal_000559,wal_000881,705.855937,22587.39,c7e119e9de2f8b22f51aa088777f80002c49e0a7,completed,clean,,base_onchain
ctx_000129,usr_000087,2026-01-05T12:15:35,withdrawal,USDT,TRON,wal_000259,wal_000729,74.924001,2397.57,7fc344b495ba30794c92698aa980f1595af245e6,completed,clean,,base_onchain
ctx_000012,usr_000004,2026-01-05T12:32:58,withdrawal,BTC,BTC,wal_000011,wal_000612,0.00379583,8350.83,320f960e7b6952eb6a8e13ad18c378c4a562c013,completed,clean,,base_onchain
ctx_000150,usr_000093,2026-01-05T13:24:28,deposit,ETH,ETH,wal_000279,wal_000750,0.49085155,53993.67,735c3cad1fa82f5c589a4ff73b3d747cbae5995c,completed,clean,,base_onchain
ctx_000282,usr_000187,2026-01-05T13:32:32,deposit,BTC,BTC,wal_000560,wal_000882,0.00379874,8357.23,500d19cd3eb4a609f1ec4718fbd295d79dba1879,completed,clean,,base_onchain
ctx_000090,usr_000052,2026-01-05T16:58:07,deposit,USDT,TRON,wal_000154,wal_000690,62.5,2000.0,b0be4013368600c67df7f45bc8cbf1304fd79f31,completed,clean,,base_onchain
ctx_000074,usr_000038,2026-01-05T17:42:02,deposit,USDT,TRON,wal_000112,wal_000674,165.258125,5288.26,2ce6dbdbbaac253b9e5c3fd0fe4ca1fe37405bc5,completed,clean,,base_onchain
ctx_000117,usr_000071,2026-01-05T19:17:55,deposit,USDT,TRON,wal_000211,wal_000717,939.030938,30048.99,15ded54ac0d5491a8807b588aa9a0c27c35879d4,completed,clean,,base_onchain
ctx_000283,usr_000187,2026-01-05T20:29:01,deposit,USDT,TRON,wal_000559,wal_000883,829.896562,26556.69,8f7343d5023542b5e8bdb5ffb54e9b3ba76a2f4d,completed,clean,,base_onchain
ctx_000020,usr_000006,2026-01-05T20:35:31,deposit,USDT,TRON,wal_000016,wal_000620,587.52,18800.64,fe653582aac8c29baf4b53c27e7762c5e56efdbf,completed,clean,,base_onchain
ctx_000255,usr_000171,2026-01-06T03:58:14,deposit,USDT,TRON,wal_000511,wal_000855,825.4425,26414.16,08ad827f6f99bca175e76d70f6f4a62dbe801424,completed,clean,,base_onchain
ctx_000103,usr_000063,2026-01-06T09:23:03,deposit,USDT,TRON,wal_000187,wal_000703,80.030625,2560.98,f55667075a56a3c993d192d755492bdceb7bfe1b,completed,clean,,base_onchain
ctx_000021,usr_000006,2026-01-06T10:48:34,withdrawal,USDT,TRON,wal_000016,wal_000621,191.623571,6131.95,d97ab48f9fcb66a136f7e579e347896c8b92ef14,completed,clean,,base_onchain
ctx_000307,usr_000199,2026-01-06T14:18:01,deposit,USDT,TRON,wal_000595,wal_000907,242.013438,7744.43,feac6d0a68d551cd37287579093d55061c31668e,completed,clean,,base_onchain
ctx_000034,usr_000009,2026-01-06T17:05:16,withdrawal,USDT,TRON,wal_000025,wal_000634,233.583942,7474.69,126644ba64e005b65327ab4b26b25f0a08c400da,completed,clean,,base_onchain
ctx_000080,usr_000046,2026-01-06T19:21:42,deposit,USDT,TRON,wal_000136,wal_000680,388.369687,12427.83,2a6f6fce1b60276266a5e8cbc742aaab783a17a5,completed,clean,,base_onchain
ctx_000284,usr_000187,2026-01-06T21:22:02,withdrawal,ETH,ETH,wal_000561,wal_000884,0.06339013,6972.91,a30e28e9eccf71cc08a06936563f49376fbebbff,completed,clean,,base_onchain
ctx_000055,usr_000023,2026-01-07T03:36:40,deposit,ETH,ETH,wal_000069,wal_000655,0.29902727,32893.0,fe3f25fe534b5146f9b0e04fddb7bf5efcb8d869,completed,clean,,base_onchain
ctx_000173,usr_000109,2026-01-07T04:43:55,deposit,BTC,BTC,wal_000326,wal_000773,0.00233672,5140.78,a72787629389f2c2aeb62ea4187d37cbb5774ffa,completed,clean,,base_onchain
ctx_000244,usr_000165,2026-01-07T08:31:40,deposit,BTC,BTC,wal_000494,wal_000844,0.00289754,6374.59,6e7d96dadfe6c97396979bd6d702e14006016178,completed,clean,,base_onchain
ctx_000264,usr_000174,2026-01-07T08:57:14,deposit,ETH,ETH,wal_000522,wal_000864,5.99181264,659099.39,6b4f90dbaa22b91ca36a95958441e91e6d863ca4,completed,clean,,base_onchain
ctx_000185,usr_000128,2026-01-07T16:36:15,deposit,USDT,TRON,wal_000382,wal_000785,8093.235937,258983.55,935eead43d1341edfd17759f48645f8446899f7d,completed,clean,,base_onchain
ctx_000217,usr_000146,2026-01-07T17:42:11,withdrawal,BTC,BTC,wal_000437,wal_000817,0.00306554,6744.19,e6425d33c2eaca6081a9b41b2b815dbf40103380,completed,clean,,base_onchain
ctx_000058,usr_000027,2026-01-07T18:40:02,deposit,BTC,BTC,wal_000080,wal_000658,0.00170311,3746.84,571315c575bd1c1eab3e0da20b2940e4747c16ac,completed,clean,,base_onchain
ctx_000186,usr_000128,2026-01-07T19:49:57,deposit,USDT,TRON,wal_000382,wal_000786,4708.054688,150657.75,cab7dfa0d697b8c3888d03a2bd5dd0256e33396d,completed,clean,,base_onchain
ctx_000069,usr_000035,2026-01-07T23:55:17,deposit,ETH,ETH,wal_000105,wal_000669,0.04841591,5325.75,767bdc887d6769274322035b58bf7d8dd4b1f5c6,completed,clean,,base_onchain
ctx_000006,usr_000003,2026-01-08T02:17:40,deposit,USDT,TRON,wal_000007,wal_000606,5838.901875,186844.86,69b24742b5f2c817e0781490163a3a3d5096e764,completed,clean,,base_onchain
ctx_000285,usr_000187,2026-01-08T04:49:28,withdrawal,USDT,TRON,wal_000559,wal_000885,1078.761248,34520.36,f0d334a314195b9b0849a1d3457aa139569b4589,completed,clean,,base_onchain
ctx_000257,usr_000172,2026-01-08T07:22:05,deposit,USDT,TRON,wal_000514,wal_000857,924.144688,29572.63,2f02194595db782173b3fd7a8af3897357bb3f7f,completed,clean,,base_onchain
ctx_000066,usr_000034,2026-01-08T07:45:59,deposit,ETH,ETH,wal_000102,wal_000666,0.04931364,5424.5,9e31c31a7ff13c728ec50df73d5968c89c45336b,completed,clean,,base_onchain
ctx_000111,usr_000067,2026-01-08T11:12:43,deposit,USDT,TRON,wal_000199,wal_000711,5912.68,189205.76,74a4a6f64fa0f7bdd1973ad18cc00d1a91f0d512,completed,clean,,base_onchain
ctx_000035,usr_000009,2026-01-08T12:28:25,deposit,BTC,BTC,wal_000026,wal_000635,0.0273051,60071.22,54854dab9fe30adbdabe028dd8481b7e48093b70,completed,clean,,base_onchain
ctx_000308,usr_000200,2026-01-08T14:32:06,deposit,USDT,TRON,wal_000598,wal_000908,101.560625,3249.94,9de518dfc6ac99d32581412fe27e57f84ccfc6d8,completed,clean,,base_onchain
ctx_000197,usr_000131,2026-01-08T20:02:40,withdrawal,USDT,TRON,wal_000391,wal_000797,30.332685,970.65,c2be1d83bdddf78685e1d86e5f7c2592f1f10836,completed,clean,,base_onchain
ctx_000220,usr_000150,2026-01-09T00:43:48,withdrawal,USDT,TRON,wal_000448,wal_000820,105.475727,3375.22,15188e5fddd7aefcb35c13231ba314de2673886b,completed,clean,,base_onchain
ctx_000164,usr_000103,2026-01-09T08:19:30,deposit,ETH,ETH,wal_000309,wal_000764,0.07460336,8206.37,a8091aa414357506d20742bbcf499223b864a6b2,completed,clean,,base_onchain
ctx_000131,usr_000088,2026-01-09T11:53:02,deposit,ETH,ETH,wal_000264,wal_000731,0.34959809,38455.79,afcbed4480a564d7c718e22f58110c02cdbbf944,completed,clean,,base_onchain
ctx_000292,usr_000189,2026-01-09T22:01:16,withdrawal,ETH,ETH,wal_000567,wal_000892,0.17508334,19259.17,374b21d0f4f04db9e8d54fb4e6990851b899a70a,completed,clean,,base_onchain
ctx_000176,usr_000111,2026-01-10T08:22:00,deposit,ETH,ETH,wal_000333,wal_000776,2.07686973,228455.67,bd107ab93cec408e54c71611f3ac31e7fb8b2e44,completed,clean,,base_onchain
ctx_000199,usr_000134,2026-01-10T14:45:06,deposit,BTC,BTC,wal_000401,wal_000799,0.00090909,2000.0,af51c932079aad724590402c88501c5c32db7f79,completed,clean,,base_onchain
ctx_000053,usr_000021,2026-01-10T15:34:35,withdrawal,USDT,TRON,wal_000061,wal_000653,53.538006,1713.22,ae68634a6f981bb4b73d4f878b0be6e146167ec4,completed,clean,,base_onchain
ctx_000278,usr_000186,2026-01-10T16:14:04,deposit,USDT,TRON,wal_000556,wal_000878,157.69875,5046.36,8dd6b1b302ed21bb2effd7d1f40a6c6c140d2d4d,completed,clean,,base_onchain
ctx_000297,usr_000190,2026-01-10T17:11:15,deposit,USDT,TRON,wal_000568,wal_000897,11058.406563,353869.01,d39096cc4565fc8efe6751d27faee49493569680,completed,clean,,base_onchain
ctx_000105,usr_000066,2026-01-10T17:36:37,deposit,USDT,TRON,wal_000196,wal_000705,2021.21875,64679.0,61f929ef6ba121a9e221153ed469c80b2689d18b,completed,clean,,base_onchain
ctx_000028,usr_000007,2026-01-10T17:42:47,deposit,USDT,TRON,wal_000019,wal_000628,10870.700312,347862.41,9975b4cd6df470a2e09ca8d79e6ba0e7b1536924,completed,clean,,base_onchain
ctx_000151,usr_000093,2026-01-10T18:56:46,deposit,USDT,TRON,wal_000277,wal_000751,1518.559688,48593.91,d5d109d3ab74ec7917ed29f34d091e8e3ad02850,completed,clean,,base_onchain
ctx_000022,usr_000006,2026-01-10T20:48:01,withdrawal,USDT,TRON,wal_000016,wal_000622,457.14034,14628.49,aef4ad3515e8a944a3eab10e9e510f78610a28ad,completed,clean,,base_onchain
ctx_000106,usr_000066,2026-01-10T21:23:17,deposit,USDT,TRON,wal_000196,wal_000706,2052.838438,65690.83,63ec2cf4bb484831546274d814b60bbd3feef509,completed,clean,,base_onchain
ctx_000088,usr_000051,2026-01-10T22:22:56,deposit,ETH,ETH,wal_000153,wal_000688,0.18777664,20655.43,b4df28e8bfff1e55bbb690fec6a2fbcbffa6488e,completed,clean,,base_onchain
ctx_000265,usr_000174,2026-01-10T22:40:19,deposit,BTC,BTC,wal_000521,wal_000865,0.15284269,336253.92,86f401498f150242dc0a9d92039f7856fc7b1aa9,completed,clean,,base_onchain
ctx_000247,usr_000167,2026-01-11T00:11:06,withdrawal,USDT,TRON,wal_000499,wal_000847,592.11201,18947.58,ec13f10ecfbac5b3d5c9e571c64f80ba4443bce6,completed,clean,,base_onchain
ctx_000144,usr_000092,2026-01-11T02:51:52,withdrawal,USDT,TRON,wal_000274,wal_000744,172.91073,5533.14,0e30f63321d5ae79f14ad6a519f9c71bcf549702,completed,clean,,base_onchain
ctx_000152,usr_000093,2026-01-11T08:13:21,deposit,USDT,TRON,wal_000277,wal_000752,1451.839688,46458.87,1ce0ffd5fa60386285e73fa94b7ad8ae49535374,completed,clean,,base_onchain
ctx_000266,usr_000174,2026-01-11T09:18:15,deposit,USDT,TRON,wal_000520,wal_000866,13409.356562,429099.41,03fd23dc5c28a827715a2b01d8425006d57cd07d,completed,clean,,base_onchain
ctx_000077,usr_000040,2026-01-11T10:05:05,deposit,USDT,TRON,wal_000118,wal_000677,79.768125,2552.58,96c8c9dd4b1133a2a5de190a7f23e181115169d9,completed,clean,,base_onchain
ctx_000013,usr_000004,2026-01-11T11:16:55,deposit,USDT,TRON,wal_000010,wal_000613,581.03125,18593.0,39fea3f193911ae7945e76ad1ee80b1cf9a55fb0,completed,clean,,base_onchain
ctx_000293,usr_000189,2026-01-11T11:30:55,deposit,USDT,TRON,wal_000565,wal_000893,26469.366562,847019.73,30608c716a9dc58a848bf43400fed266965f9ea5,completed,clean,,base_onchain
ctx_000023,usr_000006,2026-01-11T12:09:14,deposit,USDT,TRON,wal_000016,wal_000623,934.167812,29893.37,799f52672059956e0ea600635e6e79e37e7b1045,completed,clean,,base_onchain
ctx_000007,usr_000003,2026-01-11T12:49:08,deposit,BTC,BTC,wal_000008,wal_000607,0.10544255,231973.61,efa1cf53c3c103764fdb810a624094a46cf175db,completed,clean,,base_onchain
ctx_000049,usr_000020,2026-01-11T15:09:49,withdrawal,USDT,TRON,wal_000058,wal_000649,121.908403,3901.07,5edd362168ca6fbee31db6a886c8824671d2260c,completed,clean,,base_onchain
ctx_000269,usr_000176,2026-01-11T17:07:05,deposit,USDT,TRON,wal_000526,wal_000869,538.300313,17225.61,f1e4c2c5c43bb8a47e4debf6020d3fa9263c9e9a,completed,clean,,base_onchain
ctx_000294,usr_000189,2026-01-11T17:37:24,withdrawal,USDT,TRON,wal_000565,wal_000894,20198.201788,646342.46,fcbf5cacc3a096ae0163431e2c94201a47617151,completed,clean,,base_onchain
ctx_000114,usr_000070,2026-01-11T18:33:26,deposit,USDT,TRON,wal_000208,wal_000714,722.025938,23104.83,c6b6e9e618760155d69a170a748be7edbd761e7f,completed,clean,,base_onchain
ctx_000112,usr_000067,2026-01-12T03:45:07,deposit,ETH,ETH,wal_000201,wal_000712,2.49748945,274723.84,0fb8f9202cf99353934c1bd422234eeec7db5632,completed,clean,,base_onchain
ctx_000209,usr_000140,2026-01-12T07:42:29,deposit,BTC,BTC,wal_000419,wal_000809,0.01938127,42638.79,9023584a9402ec1c34e7813aa5d3619cc992008e,completed,clean,,base_onchain
ctx_000081,usr_000046,2026-01-12T10:02:03,withdrawal,ETH,ETH,wal_000138,wal_000681,0.02879615,3167.58,0eaae0c6a9b1ab94c7a8a027f6b965990c6f45d0,completed,clean,,base_onchain
ctx_000132,usr_000088,2026-01-12T11:39:09,withdrawal,ETH,ETH,wal_000264,wal_000732,0.02291598,2520.76,1a28d635424a79897c80cf43c8b3161919243fba,completed,clean,,base_onchain
ctx_000024,usr_000006,2026-01-12T11:44:08,withdrawal,USDT,TRON,wal_000016,wal_000624,693.020226,22176.65,d5d017599744c009211af8ff90303e01ac774d45,completed,clean,,base_onchain
ctx_000246,usr_000166,2026-01-12T12:32:54,deposit,USDT,TRON,wal_000496,wal_000846,121.359375,3883.5,47e074a15cc2f27b78922e913594a1aeef6f883f,completed,clean,,base_onchain
ctx_000094,usr_000056,2026-01-12T15:27:11,deposit,USDT,TRON,wal_000166,wal_000694,271.595,8691.04,70ed25c81598755cfd638a37fcdc407e3a822bac,completed,clean,,base_onchain
ctx_000172,usr_000108,2026-01-12T16:06:46,withdrawal,USDT,TRON,wal_000322,wal_000772,141.033615,4513.08,01066bc3952373119e89b266e938c5eb80581c5b,completed,clean,,base_onchain
ctx_000029,usr_000007,2026-01-12T17:04:50,deposit,ETH,ETH,wal_000021,wal_000629,3.31709773,364880.75,19fcc441a70fde3616acad81a866b10b717ec6e4,completed,clean,,base_onchain
ctx_000003,usr_000002,2026-01-12T17:12:25,deposit,BTC,BTC,wal_000005,wal_000603,0.00184368,4056.1,a145886236624036164db3b966ecd5dc43ca1cff,completed,clean,,base_onchain
ctx_000267,usr_000174,2026-01-12T17:21:44,deposit,USDT,TRON,wal_000520,wal_000867,21310.791562,681945.33,0d0969ef9a402a12475705a87127f399ba50779c,completed,clean,,base_onchain
ctx_000025,usr_000006,2026-01-12T18:30:27,deposit,USDT,TRON,wal_000016,wal_000625,469.298437,15017.55,a44bd80f8f410df271ece6802212204336d38db3,completed,clean,,base_onchain
ctx_000145,usr_000092,2026-01-13T00:07:14,deposit,USDT,TRON,wal_000274,wal_000745,1449.6375,46388.4,bef6d891b42b3bbb1cedf97bf07c09c406e0cd29,completed,clean,,base_onchain
ctx_000061,usr_000031,2026-01-13T03:13:15,deposit,USDT,TRON,wal_000091,wal_000661,144.02,4608.64,7bb8a0872bda7b6a9349f182b27a7043d49e6bcb,completed,clean,,base_onchain
ctx_000261,usr_000173,2026-01-13T09:39:06,withdrawal,USDT,TRON,wal_000517,wal_000861,272.379599,8716.15,d4b1c52f0ce2b9d2dac574547623efad89f6132b,completed,clean,,base_onchain
ctx_000298,usr_000190,2026-01-13T10:03:05,withdrawal,USDT,TRON,wal_000568,wal_000898,14405.894773,460988.63,3c82827da62fded4d561f9ca994867b05c6362d4,completed,clean,,base_onchain
ctx_000062,usr_000031,2026-01-13T10:59:27,deposit,USDT,TRON,wal_000091,wal_000662,370.113437,11843.63,3782714b6cb5e08353e246f290c821ac32171dfc,completed,clean,,base_onchain
ctx_000137,usr_000090,2026-01-13T11:44:59,deposit,USDT,TRON,wal_000268,wal_000737,814.241562,26055.73,6aa38d8ca61ff1c16b534391689ec54e50f1e4ba,completed,clean,,base_onchain
ctx_000107,usr_000066,2026-01-13T13:46:26,withdrawal,USDT,TRON,wal_000196,wal_000707,1691.022576,54112.72,902e46ee93163e252997ccc1b7bc05645480472c,completed,clean,,base_onchain
ctx_000095,usr_000056,2026-01-13T13:59:39,withdrawal,USDT,TRON,wal_000166,wal_000695,467.831641,14970.61,a65f0d05be0179d872cc2703964818632b162f37,completed,clean,,base_onchain
ctx_000236,usr_000159,2026-01-13T16:28:51,deposit,USDT,TRON,wal_000475,wal_000836,203.370313,6507.85,f6913496c9d628bdd456eadedfa2ecd5bf76f45c,completed,clean,,base_onchain
ctx_000070,usr_000036,2026-01-13T18:24:37,withdrawal,USDT,TRON,wal_000106,wal_000670,206.267177,6600.55,8d3f91ee02d57e22d44e324651bd185b80d16790,completed,clean,,base_onchain
ctx_000187,usr_000128,2026-01-13T20:18:08,deposit,USDT,TRON,wal_000382,wal_000787,5957.566875,190642.14,75cec7cfef8b5efd29b8c512164bf52237f8d9a6,completed,clean,,base_onchain
ctx_000180,usr_000119,2026-01-13T21:09:17,deposit,USDT,TRON,wal_000355,wal_000780,113.861875,3643.58,8968c350a28a7d3d6b70a5a4a3ab5e121e34cf15,completed,clean,,base_onchain
ctx_000181,usr_000119,2026-01-13T22:13:09,deposit,USDT,TRON,wal_000355,wal_000781,184.449375,5902.38,0ad4609f37eec5d20186aabfad226563f74ed908,completed,clean,,base_onchain
ctx_000082,usr_000046,2026-01-14T03:55:18,withdrawal,ETH,ETH,wal_000138,wal_000682,0.05999864,6599.85,1b317fdd5c5754b4dd6221f7c50da88f6f40cd02,completed,clean,,base_onchain
ctx_000221,usr_000150,2026-01-14T04:18:32,withdrawal,USDT,TRON,wal_000448,wal_000821,112.747056,3607.91,d974637f931344da86ba07b2226912da940b3b64,completed,clean,,base_onchain
ctx_000008,usr_000003,2026-01-14T04:40:03,withdrawal,ETH,ETH,wal_000009,wal_000608,0.43780717,48158.79,f163a1f545a456cfafcbe2a10447383cbb70a494,completed,clean,,base_onchain
ctx_000289,usr_000188,2026-01-14T04:52:16,withdrawal,USDT,TRON,wal_000562,wal_000889,246.834894,7898.72,cfe02dc5dfeff5ca830438546a370ede3355e28e,completed,clean,,base_onchain
ctx_000050,usr_000020,2026-01-14T08:44:29,deposit,BTC,BTC,wal_000059,wal_000650,0.01058766,23292.85,c7afb30723241c9b25642fa96ce102a734fa1652,completed,clean,,base_onchain
ctx_000169,usr_000105,2026-01-14T12:26:40,withdrawal,USDT,TRON,wal_000313,wal_000769,102.457702,3278.65,92ef5cda87833033e556ce7dbd06adbf8a844575,completed,clean,,base_onchain
ctx_000204,usr_000136,2026-01-14T13:23:22,withdrawal,BTC,BTC,wal_000407,wal_000804,0.00181594,3995.07,9440c03d9d3b0f1d5af10ae4dd34b7a215cadf2f,completed,clean,,base_onchain
ctx_000241,usr_000164,2026-01-14T14:37:36,deposit,USDT,TRON,wal_000490,wal_000841,9788.760937,313240.35,3b7e565c35128a001d6d4758dceaca60f08f123e,completed,clean,,base_onchain
ctx_000234,usr_000156,2026-01-14T17:15:44,deposit,USDT,TRON,wal_000466,wal_000834,89.995,2879.84,da49781e1c462f8e1717f4bcd84e07792de0be29,completed,clean,,base_onchain
ctx_000026,usr_000006,2026-01-14T17:42:09,withdrawal,USDT,TRON,wal_000016,wal_000626,209.837196,6714.79,38ddc92c1359f2ce412e4987cb06a14fb3c134f6,completed,clean,,base_onchain
ctx_000125,usr_000079,2026-01-14T18:06:10,deposit,USDT,TRON,wal_000235,wal_000725,222.490938,7119.71,79bc47ae2675d16d149a9ead68cb104f2caf3795,completed,clean,,base_onchain
ctx_000225,usr_000152,2026-01-14T19:34:31,withdrawal,USDT,TRON,wal_000454,wal_000825,101.492673,3247.77,c5fbd2458f95658630dc1da1224bb444d784704c,completed,clean,,base_onchain
ctx_000121,usr_000075,2026-01-14T19:52:42,deposit,BTC,BTC,wal_000224,wal_000721,0.00310624,6833.73,7c6063153bbebe30bf22dba8fb26206b7fe8cc63,completed,clean,,base_onchain
ctx_000286,usr_000187,2026-01-14T21:13:07,deposit,ETH,ETH,wal_000561,wal_000886,0.16985218,18683.74,78726df66b318fdd2c961b6f78d38031405ea9fe,completed,clean,,base_onchain
ctx_000287,usr_000187,2026-01-14T22:17:27,deposit,USDT,TRON,wal_000559,wal_000887,909.519063,29104.61,963212231e3730835f661847cb1e8d98b4d260bb,completed,clean,,base_onchain
ctx_000226,usr_000152,2026-01-14T23:49:02,withdrawal,USDT,TRON,wal_000454,wal_000826,153.456653,4910.61,12015c810ff31e066e8656b34c99566577493da9,completed,clean,,base_onchain
ctx_000099,usr_000060,2026-01-15T08:58:13,deposit,BTC,BTC,wal_000179,wal_000699,0.0015278,3361.16,a24f77aac8855597a7edc9fd15bf988ffed07ca9,completed,clean,,base_onchain
ctx_000036,usr_000009,2026-01-15T10:21:02,withdrawal,USDT,TRON,wal_000025,wal_000636,22.115179,707.69,136142a8c4d521566070bc05cec5384243a434bb,completed,clean,,base_onchain
ctx_000270,usr_000177,2026-01-15T11:43:47,deposit,USDT,TRON,wal_000529,wal_000870,312.634063,10004.29,b27ed69ed52b344434ab3a9027693448d348dd1d,completed,clean,,base_onchain
ctx_000067,usr_000034,2026-01-15T12:15:53,deposit,USDT,TRON,wal_000100,wal_000667,461.782188,14777.03,65816fb5eb49e32ef99f50e53f0f1b488b023082,completed,clean,,base_onchain
ctx_000138,usr_000090,2026-01-15T16:20:33,deposit,ETH,ETH,wal_000270,wal_000738,0.15228964,16751.86,9dea4173e4418a1c66db96b25553afdea0c97074,completed,clean,,base_onchain
ctx_000083,usr_000046,2026-01-15T19:03:31,withdrawal,ETH,ETH,wal_000138,wal_000683,0.00409661,450.63,d6b330668492c431effbc62b542640e284eefd3c,completed,clean,,base_onchain
ctx_000124,usr_000078,2026-01-16T00:53:01,deposit,USDT,TRON,wal_000232,wal_000724,121.296875,3881.5,b3fa8f3532bba3c39a01747ade18f05ee8fd3579,completed,clean,,base_onchain
ctx_000057,usr_000026,2026-01-16T07:53:16,deposit,USDT,TRON,wal_000076,wal_000657,73.555,2353.76,38eaddb2bb18b3fad1bf84c2baf610d071022f29,completed,clean,,base_onchain
ctx_000274,usr_000183,2026-01-16T09:36:15,deposit,USDT,TRON,wal_000547,wal_000874,515.915,16509.28,289180b9cb44f90a957ad7e1c3330773ce0b39ee,completed,clean,,base_onchain
ctx_000171,usr_000106,2026-01-16T11:38:24,withdrawal,USDT,TRON,wal_000316,wal_000771,400.537667,12817.21,1a670d8f50f951435aca5b71090c45399079e34b,completed,clean,,base_onchain
ctx_000165,usr_000103,2026-01-16T12:29:23,deposit,USDT,TRON,wal_000307,wal_000765,124.1125,3971.6,0619455c1778544e393efdb92d6c5e212da17dae,completed,clean,,base_onchain
ctx_000039,usr_000011,2026-01-16T14:10:55,withdrawal,USDT,TRON,wal_000031,wal_000639,71.67005,2293.44,24d67528724ad81cca3d7abb3c1cfb6745ffe486,completed,clean,,base_onchain
ctx_000118,usr_000071,2026-01-16T17:37:42,deposit,USDT,TRON,wal_000211,wal_000718,578.515,18512.48,9c246d9c069aca9dfd1af51b4e2fa9632243af2d,completed,clean,,base_onchain
ctx_000166,usr_000104,2026-01-16T18:04:22,deposit,ETH,ETH,wal_000312,wal_000766,1.42795036,157074.54,ef8652277f51039df446a773b17fcc70015552e1,completed,clean,,base_onchain
ctx_000146,usr_000092,2026-01-16T19:52:55,withdrawal,BTC,BTC,wal_000275,wal_000746,0.00430112,9462.46,5c09d20e8450961b2eb55bf7ca9f5a7532a185d7,completed,clean,,base_onchain
ctx_000299,usr_000190,2026-01-17T04:13:31,deposit,ETH,ETH,wal_000570,wal_000899,3.77077318,414785.05,d83039ac7b886fb9ea716c8104bbfb84855ffb40,completed,clean,,base_onchain
ctx_000087,usr_000049,2026-01-17T04:50:47,withdrawal,BTC,BTC,wal_000146,wal_000687,0.00220499,4850.98,5e885643220c61e002ed9f23fc0685ff2263e945,completed,clean,,base_onchain
ctx_000210,usr_000140,2026-01-17T10:22:39,withdrawal,BTC,BTC,wal_000419,wal_000810,0.01963993,43207.85,d3cb35236527a5c27e3ecc82ae6852e3550101f1,completed,clean,,base_onchain
ctx_000178,usr_000115,2026-01-17T12:57:32,deposit,USDT,TRON,wal_000343,wal_000778,62.5,2000.0,241d16135a19b5cd4534a3078686c0133c11c787,completed,clean,,base_onchain
ctx_000227,usr_000152,2026-01-17T14:19:41,withdrawal,ETH,ETH,wal_000456,wal_000827,0.2001941,22021.35,c7797aef0a0eacadff1e3e669bf1b40b9bb58914,completed,clean,,base_onchain
ctx_000127,usr_000082,2026-01-17T15:40:58,deposit,ETH,ETH,wal_000246,wal_000727,0.06344527,6978.98,666fac482c42c23f5dbd92c642c86f1e8c2c5675,completed,clean,,base_onchain
ctx_000167,usr_000104,2026-01-17T16:09:55,deposit,USDT,TRON,wal_000310,wal_000767,11835.616562,378739.73,0575aad74b84cb4998137c64e11a4b557747b57a,completed,clean,,base_onchain
ctx_000014,usr_000004,2026-01-17T19:17:10,deposit,USDT,TRON,wal_000010,wal_000614,984.897812,31516.73,d8489675dbef683283729f3b56d3b60ae15a23c3,completed,clean,,base_onchain
ctx_000153,usr_000093,2026-01-17T19:33:46,withdrawal,USDT,TRON,wal_000277,wal_000753,805.494037,25775.81,e913c04c3271ad32fe61ef7315b450dea47d35ed,completed,clean,,base_onchain
ctx_000059,usr_000027,2026-01-17T20:46:34,withdrawal,BTC,BTC,wal_000080,wal_000659,0.00054378,1196.32,a647ae882a91a83fab3ec0fd03a2986a0760d5f6,completed,clean,,base_onchain
ctx_000235,usr_000158,2026-01-17T21:17:07,deposit,USDT,TRON,wal_000472,wal_000835,62.5,2000.0,3e74bd84dd8fcc1ffb43dc85d15ded7c5c1c0006,completed,clean,,base_onchain
ctx_000290,usr_000188,2026-01-18T03:05:02,deposit,ETH,ETH,wal_000564,wal_000890,0.11800791,12980.87,2d2e805cd4ad4136664744e93e95cceb8fa08c8e,completed,clean,,base_onchain
ctx_000100,usr_000060,2026-01-18T04:18:16,withdrawal,USDT,TRON,wal_000178,wal_000700,39.479157,1263.33,66764df5b7b75035eae56be75f05af07fbbb127a,completed,clean,,base_onchain
ctx_000189,usr_000129,2026-01-18T04:45:06,withdrawal,ETH,ETH,wal_000387,wal_000789,4.02137089,442350.8,cfd55a2791f9e2dee52ed164684e5d9bb3e00a44,completed,clean,,base_onchain
ctx_000108,usr_000066,2026-01-18T07:28:12,deposit,USDT,TRON,wal_000196,wal_000708,586.688125,18774.02,6a8ca97c8a8b5a7129531fc84e8f357ceba90dce,completed,clean,,base_onchain
ctx_000133,usr_000088,2026-01-18T11:22:29,withdrawal,USDT,TRON,wal_000262,wal_000733,669.452571,21422.48,41fcb3ed89abe4202109015aba1150bd96b1906a,completed,clean,,base_onchain
ctx_000092,usr_000055,2026-01-18T11:39:32,withdrawal,USDT,TRON,wal_000163,wal_000692,133.482194,4271.43,a73201299cbf8f1a4349d6925e3bafaadebf830d,completed,clean,,base_onchain
ctx_000075,usr_000038,2026-01-18T11:47:00,withdrawal,BTC,BTC,wal_000113,wal_000675,0.00036877,811.29,61d0ccfe5c14cdd29bab2fc6a5c8c0642b7bbb06,completed,clean,,base_onchain
ctx_000147,usr_000092,2026-01-18T12:39:36,withdrawal,ETH,ETH,wal_000276,wal_000747,0.07205875,7926.46,e37eb91859883df739bf4092df9ae514ba446928,completed,clean,,base_onchain
ctx_000051,usr_000020,2026-01-18T15:51:45,deposit,USDT,TRON,wal_000058,wal_000651,672.742813,21527.77,3ea192bab9ee0d1ab440566ddf4e7c6a59672158,completed,clean,,base_onchain
ctx_000154,usr_000093,2026-01-18T16:29:02,deposit,USDT,TRON,wal_000277,wal_000754,1093.779063,35000.93,5f5890e210d47b16dc532bfc20708f8599e165a9,completed,clean,,base_onchain
ctx_000135,usr_000089,2026-01-18T19:59:32,withdrawal,USDT,TRON,wal_000265,wal_000735,263.674735,8437.59,97a65946cb56ea84f138c70014e6055ec7e826e6,completed,clean,,base_onchain
ctx_000076,usr_000039,2026-01-18T21:52:13,deposit,USDT,TRON,wal_000115,wal_000676,271.453125,8686.5,ac3aa69b055419652f00dac0d2edd29a92aaa701,completed,clean,,base_onchain
ctx_000262,usr_000173,2026-01-18T23:35:08,deposit,USDT,TRON,wal_000517,wal_000862,770.277187,24648.87,4734cae1afabb3c220d9674197f6d012c7904f8e,completed,clean,,base_onchain
ctx_000248,usr_000167,2026-01-18T23:36:51,deposit,USDT,TRON,wal_000499,wal_000848,1268.702188,40598.47,6e517fcb0a9c235cd7289a9d040677b5d5ba1b24,completed,clean,,base_onchain
ctx_000190,usr_000129,2026-01-19T02:14:22,withdrawal,ETH,ETH,wal_000387,wal_000790,0.99888994,109877.89,f537ce4cc049c3bae6c2e5e5e2cf5235bcd2445e,completed,clean,,base_onchain
ctx_000205,usr_000136,2026-01-19T09:54:56,withdrawal,ETH,ETH,wal_000408,wal_000805,0.06605894,7266.48,837f5cd17febda59e7906bceecccfaf9f659e2b6,completed,clean,,base_onchain
ctx_000015,usr_000004,2026-01-19T10:35:40,deposit,ETH,ETH,wal_000012,wal_000615,0.15861282,17447.41,6b43c0003373354ffa1eb0517f5ee52cfa5f0fb7,completed,clean,,base_onchain
ctx_000139,usr_000090,2026-01-19T11:12:34,deposit,USDT,TRON,wal_000268,wal_000739,829.298125,26537.54,7bcf0777fcb2fd5b86720cbc3dc10b893c5b3ea7,completed,clean,,base_onchain
ctx_000040,usr_000011,2026-01-19T15:39:12,deposit,ETH,ETH,wal_000033,wal_000640,0.041445,4558.95,92d0c7c4207b6309807b9620eb08c61bbee754a6,completed,clean,,base_onchain
ctx_000232,usr_000153,2026-01-19T18:01:34,withdrawal,USDT,TRON,wal_000457,wal_000832,28.388805,908.44,565be56f3467efd27fd1972320a43901460bf2a6,completed,clean,,base_onchain
ctx_000200,usr_000134,2026-01-19T20:21:12,deposit,ETH,ETH,wal_000402,wal_000800,0.02358655,2594.52,0307688358bfbf8bce02d5bcf5e3381f8e21e0d5,completed,clean,,base_onchain
ctx_000157,usr_000096,2026-01-19T20:39:09,deposit,ETH,ETH,wal_000288,wal_000757,0.37025764,40728.34,27be8a94cac2f6a48f7e4c7ecf0e8bc22b5dd1e6,completed,clean,,base_onchain
ctx_000258,usr_000172,2026-01-19T22:01:13,deposit,USDT,TRON,wal_000514,wal_000858,257.702812,8246.49,20eb47f3392f5908a12752865a6405b0704404e2,completed,clean,,base_onchain
ctx_000206,usr_000139,2026-01-20T01:45:36,withdrawal,USDT,TRON,wal_000415,wal_000806,275.337542,8810.8,c440382e675f59255275f756bb3143ef4ecffd52,completed,clean,,base_onchain
ctx_000140,usr_000090,2026-01-20T02:41:06,withdrawal,ETH,ETH,wal_000270,wal_000740,0.12968471,14265.32,ceb97379e1a32a80f916b552d20c84bda3e8148a,completed,clean,,base_onchain
ctx_000179,usr_000117,2026-01-20T03:29:59,withdrawal,USDT,TRON,wal_000349,wal_000779,258.392906,8268.57,73cf64ee73aca2871c9fd1e1bf1a272727047a17,completed,clean,,base_onchain
ctx_000300,usr_000190,2026-01-20T04:46:04,deposit,ETH,ETH,wal_000570,wal_000900,3.86553,425208.3,4d7558ddad7e5e017b9160abdd6878c132f4cb1b,completed,clean,,base_onchain
ctx_000052,usr_000020,2026-01-20T07:25:32,withdrawal,BTC,BTC,wal_000059,wal_000652,0.00604779,13305.14,89cc3377221bd332365361d689e0655eeba8173b,completed,clean,,base_onchain
ctx_000288,usr_000187,2026-01-20T08:01:30,deposit,USDT,TRON,wal_000559,wal_000888,1015.750937,32504.03,e5f044fbde9b1ed59fcbe8430a15531a6bd360ef,completed,clean,,base_onchain
ctx_000242,usr_000164,2026-01-20T08:17:18,withdrawal,BTC,BTC,wal_000491,wal_000842,0.00478167,10519.67,ffe905f3df708087a9bec77016bba314f4935fc9,completed,clean,,base_onchain
ctx_000305,usr_000192,2026-01-20T12:33:27,withdrawal,BTC,BTC,wal_000575,wal_000905,0.00076156,1675.43,c63560609817749bcd782039dbf30c4d020a4119,completed,clean,,base_onchain
ctx_000056,usr_000023,2026-01-20T12:46:07,withdrawal,USDT,TRON,wal_000067,wal_000656,202.319051,6474.21,ea3c2190e0980987fb09425e1828db9dcc257632,completed,clean,,base_onchain
ctx_000207,usr_000139,2026-01-20T15:16:26,withdrawal,USDT,TRON,wal_000415,wal_000807,33.010683,1056.34,54df2703b98c39fb6f12d717d5f68f8b76d14a65,completed,clean,,base_onchain
ctx_000191,usr_000129,2026-01-20T15:43:39,deposit,USDT,TRON,wal_000385,wal_000791,7156.968437,229022.99,526180db88a6f9e1e930a1a6074b209f5c1aabc0,completed,clean,,base_onchain
ctx_000259,usr_000172,2026-01-20T15:48:50,deposit,USDT,TRON,wal_000514,wal_000859,945.640313,30260.49,7c446490417174e13cf9f28021bbdb786f8a7018,completed,clean,,base_onchain
ctx_000192,usr_000129,2026-01-21T01:21:32,deposit,BTC,BTC,wal_000386,wal_000792,0.32805543,721721.95,0463bc3c1736f02da427374fa931057a028dba33,completed,clean,,base_onchain
ctx_000071,usr_000036,2026-01-21T07:44:22,withdrawal,USDT,TRON,wal_000106,wal_000671,198.679498,6357.74,e57bfeecf828d613e38342440ce3e5974c0de45d,completed,clean,,base_onchain
ctx_000201,usr_000134,2026-01-21T07:53:59,withdrawal,ETH,ETH,wal_000402,wal_000801,0.01629362,1792.3,8a8c8b8871be4caba94e2a87aff3e9137e5d86d2,completed,clean,,base_onchain
ctx_000301,usr_000190,2026-01-21T08:18:05,withdrawal,USDT,TRON,wal_000568,wal_000901,11966.139117,382916.45,83b3707d0b69f968116c8d1153879839df06e7e7,completed,clean,,base_onchain
ctx_000263,usr_000173,2026-01-21T11:16:06,withdrawal,ETH,ETH,wal_000519,wal_000863,0.05984638,6583.1,e45e629a810319c96259715a0cbe501466e9ab71,completed,clean,,base_onchain
ctx_000239,usr_000162,2026-01-21T11:23:00,withdrawal,USDT,TRON,wal_000484,wal_000839,163.032451,5217.04,cca7ab4a773fb8b472d07fba36268ce1ac6ab06c,completed,clean,,base_onchain
ctx_000089,usr_000051,2026-01-21T17:14:04,deposit,BTC,BTC,wal_000152,wal_000689,0.00572923,12604.31,1176259408fa023cbe24fec3ee3788ef8ccb80ff,completed,clean,,base_onchain
ctx_000161,usr_000102,2026-01-21T19:59:17,deposit,USDT,TRON,wal_000304,wal_000761,135.540938,4337.31,f8012761cc34ef3d84483a90ff2cb36b3f57816d,completed,clean,,base_onchain
ctx_000037,usr_000009,2026-01-21T20:17:41,deposit,USDT,TRON,wal_000025,wal_000637,1509.970313,48319.05,d9fee176627a0d06f80c7b5aed60517db6342445,completed,clean,,base_onchain
ctx_000275,usr_000183,2026-01-22T00:42:52,withdrawal,USDT,TRON,wal_000547,wal_000875,20.818046,666.18,7bec02ac953e3adbf68abe9ae3c1169e36ce102c,completed,clean,,base_onchain
ctx_000211,usr_000140,2026-01-22T01:58:20,withdrawal,BTC,BTC,wal_000419,wal_000811,0.01288042,28336.92,b31d03a50a923b16c4517b7d79efa4c5f56c8d7f,completed,clean,,base_onchain
ctx_000068,usr_000034,2026-01-22T07:06:42,withdrawal,BTC,BTC,wal_000101,wal_000668,0.00079582,1750.8,0875b783a945274b0760def60b392053a6db45f3,completed,clean,,base_onchain
ctx_000202,usr_000134,2026-01-22T07:58:06,deposit,BTC,BTC,wal_000401,wal_000802,0.00174091,3830.0,1b3c1fa37fe76d19e901e6da1434b651c510b96c,completed,clean,,base_onchain
ctx_000168,usr_000104,2026-01-22T08:19:28,deposit,USDT,TRON,wal_000310,wal_000768,9864.540625,315665.3,a1cb6a196ae4699b5942fa17423e055a9a637165,completed,clean,,base_onchain
ctx_000249,usr_000167,2026-01-22T08:45:24,withdrawal,USDT,TRON,wal_000499,wal_000849,811.256451,25960.21,aae90415bc7ab9b735f8998b34ba069576596452,completed,clean,,base_onchain
ctx_000170,usr_000105,2026-01-22T12:48:08,deposit,USDT,TRON,wal_000313,wal_000770,322.83125,10330.6,20f1ee64416af9ace5bbce06d564f87e20eec5e3,completed,clean,,base_onchain
ctx_000063,usr_000031,2026-01-22T13:01:54,withdrawal,USDT,TRON,wal_000091,wal_000663,430.01719,13760.55,389e713c319628eb75e0303a746bfbfa61028a43,completed,clean,,base_onchain
ctx_000158,usr_000096,2026-01-22T13:49:14,deposit,ETH,ETH,wal_000288,wal_000758,0.37434318,41177.75,eb8faba613a65c5f45ad655be98f51f4f75cabe6,completed,clean,,base_onchain
ctx_000155,usr_000093,2026-01-22T14:45:28,withdrawal,USDT,TRON,wal_000277,wal_000755,1891.154226,60516.94,c490d44e8478229f877ecb061b32e1fcab49310e,completed,clean,,base_onchain
ctx_000256,usr_000171,2026-01-22T15:44:44,deposit,USDT,TRON,wal_000511,wal_000856,489.69875,15670.36,ccbd9e2d78bd25015f9a1e1987866a8ae4937e3b,completed,clean,,base_onchain
ctx_000177,usr_000111,2026-01-22T16:19:58,deposit,BTC,BTC,wal_000332,wal_000777,0.19457967,428075.27,8b87692ad1c1d0fee1808618b3c83c2b72af8175,completed,clean,,base_onchain
ctx_000277,usr_000184,2026-01-22T18:35:50,withdrawal,ETH,ETH,wal_000552,wal_000877,0.00589785,648.76,79093a2faa349d142627a9e3dccce21a95b2ada4,completed,clean,,base_onchain
ctx_000009,usr_000003,2026-01-22T20:52:53,withdrawal,ETH,ETH,wal_000009,wal_000609,0.03265334,3591.87,bea66a00175d294b198d590878a88a1e4ef22ef3,completed,clean,,base_onchain
ctx_000016,usr_000004,2026-01-22T20:56:46,deposit,ETH,ETH,wal_000012,wal_000616,0.08782209,9660.43,1debf0b6622e7bf5c6a238665c6fd7448b200360,completed,clean,,base_onchain
ctx_000115,usr_000070,2026-01-22T21:42:47,deposit,BTC,BTC,wal_000209,wal_000715,0.00731347,16089.63,60748b229204d914759373d8a6417cd6134eac35,completed,clean,,base_onchain
ctx_000243,usr_000164,2026-01-23T03:35:10,withdrawal,BTC,BTC,wal_000491,wal_000843,0.03890259,85585.7,f16421f60db0b7989cfdeea137c71e1231dbdaa9,completed,clean,,base_onchain
ctx_000223,usr_000151,2026-01-23T03:43:27,withdrawal,ETH,ETH,wal_000453,wal_000823,0.02558044,2813.85,7910b972641e610f518a0e38344917034b6b27ca,completed,clean,,base_onchain
ctx_000141,usr_000090,2026-01-23T04:37:13,deposit,ETH,ETH,wal_000270,wal_000741,0.128418,14125.98,1011569829044898fb2144c85d977721e2144b09,completed,clean,,base_onchain
ctx_000159,usr_000096,2026-01-23T08:42:44,deposit,BTC,BTC,wal_000287,wal_000759,0.02482052,54605.14,0c2a57dd7fc5b3fbb8631e61f8fa44a590f19cf7,completed,clean,,base_onchain
ctx_000295,usr_000189,2026-01-23T11:16:37,deposit,USDT,TRON,wal_000565,wal_000895,20605.511562,659376.37,14377638e2ebab9997790ef1da4f7c8328d751ec,completed,clean,,base_onchain
ctx_000302,usr_000190,2026-01-23T11:17:26,deposit,ETH,ETH,wal_000570,wal_000902,2.12450709,233695.78,4665c4089d003756ffc8ac6e57777f59074a76d8,completed,clean,,base_onchain
ctx_000126,usr_000080,2026-01-23T11:43:28,deposit,USDT,TRON,wal_000238,wal_000726,164.860625,5275.54,c8ffee74148539aeb6f22aa991776095de5e44fb,completed,clean,,base_onchain
ctx_000228,usr_000152,2026-01-23T12:34:05,withdrawal,ETH,ETH,wal_000456,wal_000828,0.02858107,3143.92,7ee8f0019b5f8562b0a15ab181d0b39f1cd86969,completed,clean,,base_onchain
ctx_000030,usr_000007,2026-01-23T14:20:59,withdrawal,ETH,ETH,wal_000021,wal_000630,4.54808343,500289.18,85cfe8409927b6672a2bccde21339ab86a4939ba,completed,clean,,base_onchain
ctx_000212,usr_000140,2026-01-23T16:10:57,deposit,USDT,TRON,wal_000418,wal_000812,531.976562,17023.25,65f75c3d8855e794e386846845ed790554e91d38,completed,clean,,base_onchain
ctx_000004,usr_000002,2026-01-23T16:33:46,deposit,USDT,TRON,wal_000004,wal_000604,185.894375,5948.62,8a8d507c87c331d594653c4eeec6e461f5da0da9,completed,clean,,base_onchain
ctx_000072,usr_000036,2026-01-23T17:07:49,withdrawal,USDT,TRON,wal_000106,wal_000672,181.734841,5815.51,cfdf18fbb2ae50f550d78530ae7257e053eb91d0,completed,clean,,base_onchain
ctx_000254,usr_000169,2026-01-23T17:29:13,deposit,USDT,TRON,wal_000505,wal_000854,387.990313,12415.69,7da7d7b807191066fd9c113dfa030a001395f14f,completed,clean,,base_onchain
ctx_000250,usr_000167,2026-01-23T19:21:22,withdrawal,ETH,ETH,wal_000501,wal_000850,0.01746951,1921.65,101d2b751abf3cdfe0dae31be045c5c587fcdfd3,completed,clean,,base_onchain
ctx_000238,usr_000161,2026-01-24T04:19:17,deposit,BTC,BTC,wal_000482,wal_000838,0.00180829,3978.24,55d5b0522a182bbd47d2ab3eb885a9359a20d392,completed,clean,,base_onchain
ctx_000245,usr_000165,2026-01-24T07:32:05,withdrawal,BTC,BTC,wal_000494,wal_000845,0.00056155,1235.41,09312622d586782e5716dbd24beb4132c9472c7c,completed,clean,,base_onchain
ctx_000096,usr_000058,2026-01-24T08:53:19,withdrawal,USDT,TRON,wal_000172,wal_000696,2702.696751,86486.3,008f97b99c2c5b4ff0e5250de78819e2b4e93b3a,completed,clean,,base_onchain
ctx_000073,usr_000036,2026-01-24T09:49:09,withdrawal,USDT,TRON,wal_000106,wal_000673,46.573036,1490.34,df3a08a671235ef912ef19fd658b87762f50dcd5,completed,clean,,base_onchain
ctx_000084,usr_000046,2026-01-24T11:06:30,withdrawal,ETH,ETH,wal_000138,wal_000684,0.00508991,559.89,40314611bcd2bec9907f326556c5d4158f2a530b,completed,clean,,base_onchain
ctx_000251,usr_000167,2026-01-24T11:22:30,withdrawal,USDT,TRON,wal_000499,wal_000851,602.450218,19278.41,5363680bdd297130fd8cb58921e17521160f4894,completed,clean,,base_onchain
ctx_000046,usr_000019,2026-01-24T11:35:51,deposit,USDT,TRON,wal_000055,wal_000646,260.1175,8323.76,229d60e72e39c957c691ff54973972f3fee0acc9,completed,clean,,base_onchain
ctx_000296,usr_000189,2026-01-24T11:46:54,deposit,BTC,BTC,wal_000566,wal_000896,0.22094618,486081.6,c8815008d446995f8ebad592a1253e2a276b6134,completed,clean,,base_onchain
ctx_000017,usr_000004,2026-01-24T12:41:13,withdrawal,USDT,TRON,wal_000010,wal_000617,750.406907,24013.02,398ffe7e6bebec305fa3e5da6190c8e2e0c97348,completed,clean,,base_onchain
ctx_000237,usr_000160,2026-01-24T13:17:14,withdrawal,USDT,TRON,wal_000478,wal_000837,44.698098,1430.34,8f9920a3e5acb4ace85e0fb22f37fa3e867563eb,completed,clean,,base_onchain
ctx_000122,usr_000077,2026-01-24T14:09:01,withdrawal,ETH,ETH,wal_000231,wal_000722,2.2960961,252570.57,478a45e3c73506adf21d8d6c808ea6e717bdab30,completed,clean,,base_onchain
ctx_000279,usr_000186,2026-01-24T14:15:18,deposit,USDT,TRON,wal_000556,wal_000879,352.797188,11289.51,abe703d3e9b79422b48b994d9d160454629518b3,completed,clean,,base_onchain
ctx_000097,usr_000058,2026-01-24T14:47:11,deposit,BTC,BTC,wal_000173,wal_000697,0.01097973,24155.41,53337ae18980dbc446a0415e29e506f9ce9dca8e,completed,clean,,base_onchain
ctx_000273,usr_000182,2026-01-24T15:12:53,deposit,ETH,ETH,wal_000546,wal_000873,0.05354518,5889.97,0a952ef9fa2d61354b7e605d08eeb76d358a873e,completed,clean,,base_onchain
ctx_000086,usr_000048,2026-01-24T15:30:09,deposit,BTC,BTC,wal_000143,wal_000686,0.00505336,11117.39,ffb9dd1e1d0a7f3dc0e82b6d737c4246c8d7cd4e,completed,clean,,base_onchain
ctx_000065,usr_000033,2026-01-24T16:33:36,withdrawal,USDT,TRON,wal_000097,wal_000665,254.150306,8132.81,00a53cb01e4d68969e6bbba07d680e004eb94cf1,completed,clean,,base_onchain
ctx_000098,usr_000058,2026-01-24T17:27:56,withdrawal,USDT,TRON,wal_000172,wal_000698,748.484363,23951.5,40e8ef6b5b5686103cac928047fbf5affaaad89c,completed,clean,,base_onchain
ctx_000120,usr_000074,2026-01-24T19:14:15,withdrawal,USDT,TRON,wal_000220,wal_000720,63.85844,2043.47,a86bc4aa6de1ced9a1621a1982ae7dbbe9aacaba,completed,clean,,base_onchain
ctx_000215,usr_000143,2026-01-24T20:02:36,deposit,BTC,BTC,wal_000428,wal_000815,0.00187558,4126.28,3f48e67008165a50bdd24b6eaefb65d945936e5e,completed,clean,,base_onchain
ctx_000045,usr_000018,2026-01-24T20:54:08,deposit,USDT,TRON,wal_000052,wal_000645,201.6875,6454.0,c34bcdce98be9a7e587328607451b0bc7dd82b14,completed,clean,,base_onchain
ctx_000123,usr_000077,2026-01-24T22:44:14,deposit,ETH,ETH,wal_000231,wal_000723,3.69425627,406368.19,f96c11eabbc53126d0e6956f3d9b68bc427ae956,completed,clean,,base_onchain
ctx_000291,usr_000188,2026-01-25T03:15:32,withdrawal,ETH,ETH,wal_000564,wal_000891,0.01590826,1749.91,81425e49b3c4334e66d233273ca108fe4cd53e23,completed,clean,,base_onchain
ctx_000109,usr_000066,2026-01-25T04:10:51,deposit,USDT,TRON,wal_000196,wal_000709,825.315938,26410.11,81350145e2660909f223196270d8d8b2d14a80c0,completed,clean,,base_onchain
ctx_000156,usr_000093,2026-01-25T04:48:57,withdrawal,BTC,BTC,wal_000278,wal_000756,0.00734197,16152.33,c594e8c184feae3313cba8508c3f2700bf672e1a,completed,clean,,base_onchain
ctx_000031,usr_000007,2026-01-25T12:12:23,deposit,USDT,TRON,wal_000019,wal_000631,20610.712813,659542.81,4ff7eb8e9e710f71f81f1014d409789c81b11f8d,completed,clean,,base_onchain
ctx_000119,usr_000071,2026-01-25T14:53:32,deposit,USDT,TRON,wal_000211,wal_000719,695.118125,22243.78,f676961ac99f0f5eb02aaba7fd04bd00ca472068,completed,clean,,base_onchain
ctx_000195,usr_000130,2026-01-25T14:56:16,deposit,USDT,TRON,wal_000388,wal_000795,1305.910312,41789.13,32e75541aa549e4e62268d9e0a6242f1a8164bcd,completed,clean,,base_onchain
ctx_000038,usr_000009,2026-01-25T16:26:31,deposit,USDT,TRON,wal_000025,wal_000638,576.543125,18449.38,43a9509a0c30fe92e1eb20910adf4122d8d14bea,completed,clean,,base_onchain
ctx_000001,usr_000001,2026-01-25T16:37:37,withdrawal,USDT,TRON,wal_000001,wal_000601,265.989619,8511.67,cd881910679bacdd08797c8f8ba02eac1a86835e,completed,clean,,base_onchain
ctx_000268,usr_000174,2026-01-25T17:48:54,deposit,USDT,TRON,wal_000520,wal_000868,8379.087812,268130.81,f0e8c1ce4b59eecb70848307b52e85129aaa0327,completed,clean,,base_onchain
ctx_000303,usr_000190,2026-01-25T19:37:42,deposit,ETH,ETH,wal_000570,wal_000903,5.48096255,602905.88,703b4d0e5cbe9c1390cb0bdd21721646a88a7194,completed,clean,,base_onchain
ctx_000032,usr_000007,2026-01-25T23:05:01,withdrawal,BTC,BTC,wal_000020,wal_000632,0.0709361,156059.42,34bf887c1802371df89236b5793e0a54554968f8,completed,clean,,base_onchain
ctx_000091,usr_000054,2026-01-26T01:54:48,deposit,ETH,ETH,wal_000162,wal_000691,0.28078027,30885.83,5ab3463c71b73cf565230a9b7ab41d9dcfb468db,completed,clean,,base_onchain
ctx_000162,usr_000102,2026-01-26T02:14:33,withdrawal,BTC,BTC,wal_000305,wal_000762,0.00232168,5107.7,5eccbbd257876f391630398282502fa0daee7e94,completed,clean,,base_onchain
ctx_000110,usr_000066,2026-01-26T04:01:36,deposit,USDT,TRON,wal_000196,wal_000710,584.4075,18701.04,9fa5ccfd811210c2285da6dad8bfd155ca94a265,completed,clean,,base_onchain
ctx_000018,usr_000004,2026-01-26T07:35:45,deposit,ETH,ETH,wal_000012,wal_000618,0.14292991,15722.29,3aee8545614baa33c7d8898facb0322b7113ead3,completed,clean,,base_onchain
ctx_000218,usr_000146,2026-01-26T08:06:47,deposit,USDT,TRON,wal_000436,wal_000818,573.985312,18367.53,f113cfb859fb7a9f9d61b852c6922798ac169248,completed,clean,,base_onchain
ctx_000163,usr_000102,2026-01-26T10:28:28,withdrawal,BTC,BTC,wal_000305,wal_000763,0.00026388,580.54,c41c30ca7be8999d33dfa57917dd396283a4cddf,completed,clean,,base_onchain
ctx_000033,usr_000007,2026-01-26T12:29:54,withdrawal,ETH,ETH,wal_000021,wal_000633,0.10707079,11777.79,b51ec28b8a5a25c1995acf215e8ccf08483d2ab9,completed,clean,,base_onchain
ctx_000148,usr_000092,2026-01-26T15:02:02,withdrawal,BTC,BTC,wal_000275,wal_000748,0.0096267,21178.74,c135be06d85a693aca12baf6805a40ea1bb2681b,completed,clean,,base_onchain
ctx_000233,usr_000153,2026-01-26T16:14:03,withdrawal,USDT,TRON,wal_000457,wal_000833,61.918482,1981.39,3d54ade60d914c32577f8c1bbcbbb0058c1c2dfd,completed,clean,,base_onchain
ctx_000229,usr_000152,2026-01-26T16:59:57,withdrawal,ETH,ETH,wal_000456,wal_000829,0.01895282,2084.81,b3bd29131e441858ca958daaf10c4a4501fe13c7,completed,clean,,base_onchain
ctx_000196,usr_000130,2026-01-26T20:09:42,withdrawal,BTC,BTC,wal_000389,wal_000796,0.00767983,16895.63,60539c28b81b6c01c1dd14a03b41421a24fd171d,completed,clean,,base_onchain
ctx_000002,usr_000001,2026-01-26T20:15:09,deposit,USDT,TRON,wal_000001,wal_000602,64.006875,2048.22,7760fd6a8ec50b74d437fb167233baf19c722b94,completed,clean,,base_onchain
ctx_000213,usr_000140,2026-01-26T20:19:33,withdrawal,USDT,TRON,wal_000418,wal_000813,399.621056,12787.87,9ae3002b68e4e5bcd61d42de5a0e1497ed749924,completed,clean,,base_onchain
ctx_000060,usr_000030,2026-01-26T22:41:42,deposit,USDT,TRON,wal_000088,wal_000660,369.305,11817.76,5a0c170d157e80af88119ca6c82249fdf7ea1632,completed,clean,,base_onchain
ctx_000216,usr_000145,2026-01-26T23:19:21,withdrawal,USDT,TRON,wal_000433,wal_000816,298.895349,9564.65,dfca73c990a5c9b47459a05f273b479de9f7ba4a,completed,clean,,base_onchain
ctx_000252,usr_000167,2026-01-27T00:43:07,deposit,USDT,TRON,wal_000499,wal_000852,556.63125,17812.2,a811c5453e1011b2ab13b84e6e340b359434f8aa,completed,clean,,base_onchain
ctx_000304,usr_000190,2026-01-27T03:19:57,deposit,BTC,BTC,wal_000569,wal_000904,0.27973923,615426.31,82dda9d0adec83f7fb99c2e1849d363440a42f77,completed,clean,,base_onchain
ctx_000214,usr_000140,2026-01-27T07:46:24,deposit,USDT,TRON,wal_000418,wal_000814,711.759063,22776.29,aa94e23de9b439556a26f2081a92ac18de6aec7d,completed,clean,,base_onchain
ctx_000253,usr_000167,2026-01-27T08:56:06,deposit,USDT,TRON,wal_000499,wal_000853,320.704375,10262.54,4bc083a5d41b5a5ab398da6949aaddc8406b0484,completed,clean,,base_onchain
ctx_000198,usr_000131,2026-01-27T11:37:08,deposit,USDT,TRON,wal_000391,wal_000798,268.021875,8576.7,d40ced8a03ea677d7eb7a94d30726dedd1c0f47b,completed,clean,,base_onchain
ctx_000116,usr_000070,2026-01-27T11:55:31,withdrawal,BTC,BTC,wal_000209,wal_000716,0.01365892,30049.62,c51ea824b4d0002c0f45f4cd966ddb4aad41421f,completed,clean,,base_onchain
ctx_000149,usr_000092,2026-01-27T17:20:33,deposit,BTC,BTC,wal_000275,wal_000749,0.01134096,24950.11,0531327200b48915e4149e3b9d8b554ec492048f,completed,clean,,base_onchain
ctx_000019,usr_000004,2026-01-27T17:36:39,withdrawal,BTC,BTC,wal_000011,wal_000619,0.01041573,22914.61,b7f2c0bdee293aae3aa91669d43e5f7d298068ff,completed,clean,,base_onchain
ctx_000182,usr_000125,2026-01-27T19:03:28,deposit,USDT,TRON,wal_000373,wal_000782,204.752187,6552.07,bb68929a4a4459e799f9d89df9ecf6b7ec68dd1c,completed,clean,,base_onchain
ctx_000193,usr_000129,2026-01-27T20:16:44,deposit,USDT,TRON,wal_000385,wal_000793,22528.297813,720905.53,a1567155fd7f5b5fb035e612a1a1f100cc936793,completed,clean,,base_onchain
ctx_000271,usr_000177,2026-01-27T20:35:19,withdrawal,USDT,TRON,wal_000529,wal_000871,50.954131,1630.53,02e482ec70770991ebdeb4577471a862e604e749,completed,clean,,base_onchain
ctx_000010,usr_000003,2026-01-27T23:59:00,withdrawal,USDT,TRON,wal_000007,wal_000610,10266.095907,328515.07,19026d8f13a329e5f4202482661792d47351e199,completed,clean,,base_onchain
ctx_000027,usr_000006,2026-01-27T23:59:00,withdrawal,USDT,TRON,wal_000016,wal_000627,184.034951,5889.12,a37b138bfb41228e020a57e4218446f1a46c09a6,completed,clean,,base_onchain
ctx_000085,usr_000046,2026-01-27T23:59:00,deposit,USDT,TRON,wal_000136,wal_000685,855.267187,27368.55,0d1478085c8c488234aab4df1580cf9fa356e08f,completed,clean,,base_onchain
ctx_000101,usr_000061,2026-01-27T23:59:00,deposit,USDT,TRON,wal_000181,wal_000701,62.5,2000.0,5f624e07f30e6d62cdece6ebef2b6269ecdbcaec,completed,clean,,base_onchain
ctx_000194,usr_000129,2026-01-27T23:59:00,deposit,USDT,TRON,wal_000385,wal_000794,16613.565625,531634.1,1115e703a0c915c2ce1b51796502ef0a12c53bf2,completed,clean,,base_onchain
ctx_000222,usr_000150,2026-01-27T23:59:00,deposit,USDT,TRON,wal_000448,wal_000822,171.610625,5491.54,8db93ad6ce5d179a1847300ced3bd9e43c4132d8,completed,clean,,base_onchain
ctx_000230,usr_000152,2026-01-27T23:59:00,deposit,USDT,TRON,wal_000454,wal_000830,865.558437,27697.87,c43ba8eb5f1f34f10ad79e85faadb6bf93abf2e4,completed,clean,,base_onchain
ctx_000231,usr_000152,2026-01-27T23:59:00,withdrawal,USDT,TRON,wal_000454,wal_000831,2175.80147,69625.65,0b6080ddebd9e4a64a7b7a4c780c3ccc40c68d26,completed,clean,,base_onchain
ctx_000260,usr_000172,2026-01-27T23:59:00,deposit,USDT,TRON,wal_000514,wal_000860,1116.132812,35716.25,20c94c32efd021931d6885c1a14e8e189e216a4b,completed,clean,,base_onchain
ctx_000276,usr_000183,2026-01-27T23:59:00,deposit,USDT,TRON,wal_000547,wal_000876,146.032187,4673.03,ca082e4039988c0b2cdb010644861684ab88e5a7,completed,clean,,base_onchain
ctx_000318,usr_000170,2026-01-28T18:57:11,withdrawal,USDT,TRON,wal_000508,wal_000911,10002.936685,320093.97,2974ac9dd4fc3b25ce194060c2a02b2db64e3da0,completed,suspicious_neighbor,scn_000003,quick_out|short_dwell|cashout
ctx_000317,usr_000129,2026-01-28T22:58:14,withdrawal,USDT,TRON,wal_000385,wal_000910,63966.262952,2046920.41,3d3ed72c69a58d867830cf6b4aceb1f8ee49367c,completed,suspicious_neighbor,scn_000002,quick_out|short_dwell|cashout
ctx_000312,usr_000016,2026-01-29T16:38:19,withdrawal,USDT,TRON,wal_000046,wal_000909,2093.0991,66979.17,296f0dfac9d4e1d883a8784fd22072eee93aa160,completed,suspicious_neighbor,scn_000001,fan_out_to_shared_cluster|short_dwell
ctx_000311,usr_000021,2026-01-29T17:24:19,withdrawal,USDT,TRON,wal_000061,wal_000909,1393.95599,44606.59,f1fa49a204aaf288c389b7043d06d861db076c37,completed,suspicious_neighbor,scn_000001,fan_out_to_shared_cluster|short_dwell
ctx_000309,usr_000107,2026-01-29T18:00:19,withdrawal,USDT,TRON,wal_000319,wal_000909,1224.392234,39180.55,0448b5aedffe2efd6a31ebe1e9e9ed9e0531c26a,completed,suspicious_neighbor,scn_000001,fan_out_to_shared_cluster|short_dwell
ctx_000310,usr_000042,2026-01-29T18:53:19,withdrawal,USDT,TRON,wal_000124,wal_000909,1454.503762,46544.12,587d4108775819a6ca5ebbde3dedda0013af8e68,completed,suspicious_neighbor,scn_000001,fan_out_to_shared_cluster|short_dwell
ctx_000316,usr_000081,2026-01-29T22:39:19,deposit,USDT,TRON,wal_000241,wal_000909,1357.046618,43425.49,ec8bc1cadbbfc3dc3cd42cbdc05e01b7cd4f10d4,completed,suspicious_neighbor,scn_000001,fan_in_from_shared_cluster
ctx_000314,usr_000081,2026-01-29T23:16:19,deposit,USDT,TRON,wal_000241,wal_000909,1430.616069,45779.71,050f8f8ce301491639f3687b0a870fe825d3ef14,completed,suspicious_neighbor,scn_000001,fan_in_from_shared_cluster
ctx_000313,usr_000081,2026-01-29T23:17:19,deposit,USDT,TRON,wal_000241,wal_000909,1451.306872,46441.82,d1f0ca9362fb86c733037fd26c06bcad3af6a510,completed,suspicious_neighbor,scn_000001,fan_in_from_shared_cluster
ctx_000315,usr_000081,2026-01-30T00:33:19,deposit,USDT,TRON,wal_000241,wal_000909,1460.117692,46723.77,53ad974ab077aea9bf40094eb182588be82db1c4,completed,suspicious_neighbor,scn_000001,fan_in_from_shared_cluster
ctx_000319,usr_000184,2026-01-30T12:41:10,withdrawal,USDT,TRON,wal_000550,wal_000912,10286.701581,329174.45,f2f0342c9003c74143eaa68d9fcad976eb6f0fd9,completed,suspicious_neighbor,scn_000004,quick_out|short_dwell|cashout
