device_id,device_type,os_family,app_channel,device_fingerprint,first_seen_at,shared_group_id
dev_000001,mobile,Windows,app,4daa2b5345d6856657a54b48d3923cc6ee217883,2025-12-24T07:17:49,
dev_000002,mobile,iOS,web,2d42df586c6f899d57df0b0a1182644a622c20ef,2025-12-10T13:54:32,
dev_000003,mobile,iOS,app,f5e4f11cf3112d63b1ef08d80a0243722aca7688,2026-01-01T23:59:00,
dev_000004,mobile,iOS,app,5998c83cdd013d24f93130b753c36719140dbdb3,2025-11-30T14:50:21,
dev_000005,desktop,Android,app,73c5b9e0516e9ad1fc1c2d32fef557a70c4a4ac0,2025-12-02T11:27:12,
dev_000006,desktop,iOS,app,7503e1b25139f0dd91212ef63b52dc8157ebc2e9,2025-12-08T08:03:25,
dev_000007,mobile,iOS,app,0e15a77393ab7a53d60666839fb12ad86a1018ff,2025-12-20T12:40:47,
dev_000008,desktop,iOS,app,7bc5f9e8af2a2f3251b50c7d6a7c6e278b03ebe6,2025-11-29T14:22:27,
dev_000009,mobile,Android,app,fb7e472a720436ae39a70d27c2cd07f3889d4c0d,2025-11-22T02:08:24,
dev_000010,mobile,iOS,web,0d3f8d4d77fa34d74f8f75956d23ccc49acad7de,2025-12-26T15:40:48,
dev_000011,mobile,macOS,app,6636fb60d4563bcd72df1741dd9377eadce1727e,2025-12-07T10:07:29,
dev_000012,desktop,iOS,app,f85f6ed25f81cbc30b196a267167b4e14ef44f15,2025-11-30T19:31:22,
dev_000013,desktop,Windows,app,981fe16cd2f6a76e3d77f1d243e582859bcbdfe9,2025-12-24T07:15:02,
dev_000014,tablet,iOS,web,46aefc3d01d0856357e6a923716b97d1bfd19393,2026-01-01T23:59:00,
dev_000015,mobile,Windows,app,69e144ef5274b765086bc3a010825c91e42283c4,2025-12-06T18:25:04,
dev_000016,mobile,Android,web,10c9fcfd56ae75d05ae2547104f00fcdaac2034f,2025-12-11T08:26:31,
dev_000017,mobile,Android,app,7e068abc4d63df169dfe9db9fa7aeef8a055446b,2025-11-29T17:13:28,
dev_000018,mobile,Windows,web,6e63aca43636b2c521cb060c3e35830ef75fc30b,2025-12-30T09:09:05,
dev_000019,desktop,iOS,web,a309cfc06804e5af9432ee6c6703ca1bf6afe849,2025-12-04T21:51:08,
dev_000020,tablet,Windows,app,8ab6f00f89585d3a57edb40d6204af315adb0e3e,2025-12-26T20:58:36,
dev_000021,desktop,macOS,app,516eb6a1832ad42740101dbb78b191c80a1383e4,2025-12-07T17:47:44,
dev_000022,mobile,Android,app,bb0470ddacf4005007da12790858d9929c8ad717,2025-12-04T21:34:19,
dev_000023,desktop,Android,web,c713989ce8c96fb2f9d2760ca241d5483ac7e94c,2025-12-31T19:42:37,
dev_000024,mobile,Windows,web,68e96fd661f68cec0710c97009d40294f0881087,2025-12-28T17:36:02,
dev_000025,desktop,macOS,web,03897012eb12dd139a2be50650d09482cb8b03cf,2025-12-23T20:34:24,
dev_000026,desktop,iOS,app,2b17b3faec4e7422d1a2da1daf61aa649ce7c296,2025-11-24T13:16:06,
dev_000027,mobile,iOS,web,40d408b7c5602a732175b7dba79fa84ddd5123dd,2026-01-01T12:06:01,
dev_000028,desktop,Windows,app,15b67ba594f1d4f7a3d7fbfbdc85312c6e6609c7,2025-12-29T11:53:24,
dev_000029,mobile,Windows,app,ca9f19c2271ac7a572c0f3e6fc1d63105de01a72,2025-12-30T16:58:51,
dev_000030,mobile,Windows,app,ab68fdf6a9e14d0d41e194cc5f82cd5805479533,2025-11-25T20:57:23,
dev_000031,mobile,Android,app,3e4151f9c5c29853b4963994840ebff9f594ea19,2025-11-28T01:08:19,
dev_000032,mobile,Android,web,f1a309a0fee235ec1f83bb410117c454eb7f122e,2025-12-04T17:29:32,
dev_000033,mobile,Android,app,00b40b3c5eba19a882d9019068677ecbd1375f3e,2025-11-22T12:41:11,
dev_000034,desktop,iOS,web,6e809136fec287e8cae4f5fcbc7d282e71e7f122,2026-01-01T23:59:00,
dev_000035,desktop,Windows,app,4f560d72132ca5e369477b6fb31cb0ba36261a11,2025-12-12T23:01:41,
dev_000036,desktop,Windows,app,ff77cfa7dfe273c23b8edf654ebe8da0318a24fd,2025-12-03T02:41:05,
dev_000037,mobile,Windows,app,b23bb891f3538bf31760bedf754f6f1e195af795,2025-12-29T17:07:30,
dev_000038,desktop,iOS,app,3e7418fcd6b5b91d9893f781622f7b00dba0e59c,2025-12-02T12:31:50,
dev_000039,mobile,macOS,app,54a99355bd3e594136e1c9ced9a8be45f6112d16,2025-11-24T16:23:00,
dev_000040,desktop,Android,app,2afa2a9aac8bd276802ba3d8e9179e690f662109,2025-12-15T18:24:56,
dev_000041,desktop,iOS,app,e925a982d7caad757b451299f8af04fa4e6ae690,2025-11-29T17:06:31,
dev_000042,desktop,Android,app,22f06a541d729dc503377874e541fcf1860ab6b5,2025-12-19T18:54:48,
dev_000043,mobile,macOS,app,46315f744ca4c022090754092841639c5c5ea749,2025-12-28T19:39:24,
dev_000044,desktop,iOS,app,e5a79b159f8d695ed4ef1c62c2eaa58778c8ce74,2026-01-01T23:59:00,
dev_000045,desktop,Android,app,1fdddd7f5aaf187ab24794525bf77ef3687e493f,2025-11-25T21:21:35,
dev_000046,desktop,iOS,app,3a8ac9636f646f42c74ad874e209a367c8fc3d16,2025-12-06T09:53:40,
dev_000047,mobile,iOS,app,888e85476a1d906a7e6850fab4fcf44be5bb133d,2025-12-18T08:12:07,
dev_000048,desktop,iOS,app,90d38d5dceaec619dbef6ceaccc00ea80da39846,2025-12-30T13:32:56,
dev_000049,mobile,Windows,app,89a33c95941c437ef415cc2825f37c66468f042b,2025-11-29T22:30:37,
dev_000050,mobile,Windows,app,7990bc529df0b7274259c34cecf404a25d01232d,2025-12-06T22:24:15,
dev_000051,desktop,macOS,app,69a6d48c76d0da0b234fee453f109d6df15129e9,2025-12-12T00:00:47,
dev_000052,mobile,Android,app,8ce8a227aaa03fa1eaa8b7a5528338e71c186738,2025-12-13T12:02:09,
dev_000053,mobile,Windows,app,ef8926b709b4edf0aa10657b0a2e76cc7aa302ed,2025-12-28T11:50:45,
dev_000054,mobile,Android,app,934a6a340f2e9f1469f5e4f763af3c3b9dd8d6f4,2025-12-24T21:31:02,
dev_000055,mobile,iOS,web,7b4cb234160a9424c964c0c7460eb8415294283c,2025-12-26T16:04:13,
dev_000056,mobile,iOS,app,626bf11a9a431d9453e99c4dae06b5a94da84eec,2025-12-19T11:47:43,
dev_000057,mobile,Windows,app,42317269086ae720b1d8e8342dedee71c5e27cf5,2025-12-26T16:25:50,
dev_000058,desktop,macOS,web,2240e41a8ebfd8cb9b8938d6b148f8cbcf99cc07,2026-01-01T23:59:00,
dev_000059,mobile,Android,web,38b9bf8842d0c43a76aca311f2d195e48a25cd57,2025-12-12T13:39:42,
dev_000060,mobile,iOS,app,611316d2dc2b29af74544ea9204625f1b05f6833,2025-11-22T17:14:45,
dev_000061,desktop,Android,app,f8d86e7e31f9aa682dd9f28704382a126968cc45,2025-12-26T17:09:23,
dev_000062,desktop,iOS,app,83bfe1b064be61fa8b3645910b999445f9407071,2025-11-27T15:00:42,
dev_000063,mobile,macOS,app,f997de0a21d7688c63db8631e6490b30d6b626da,2025-12-09T20:37:34,
dev_000064,mobile,iOS,app,7ee84f0ec1b349f4f1b7552f182b6918afaff7c2,2025-11-30T11:57:36,
dev_000065,mobile,Android,web,3febbf3ef490e67d27b9547ec8cabbe06b766ae9,2026-01-01T09:05:13,
dev_000066,mobile,iOS,web,2ab30c9c98689199d363616baed8150ec43c4740,2025-12-30T07:05:30,
dev_000067,desktop,Android,app,9444983258d25dddcd7eaa516503b078f047c603,2025-11-24T21:14:51,
dev_000068,desktop,iOS,web,761ac77b13cd3c071e11cc54f3f67bdfb9bcf3bb,2025-12-19T15:17:43,
dev_000069,mobile,Android,app,bb68b8afee5291986a0b9c4780fe0202186f33ac,2025-12-17T15:18:45,
dev_000070,mobile,iOS,app,50fb0aaa64e6e12f3ca325b00c29b61e2a3cd767,2025-12-25T11:50:38,
dev_000071,mobile,iOS,web,ad814afa04b57c2435bfad59f26040641dfcd49c,2025-12-28T08:26:32,
dev_000072,desktop,Windows,web,728fd9776c9a485f29db7f26099b01f9f1a05ccc,2025-12-26T22:16:44,
dev_000073,mobile,Windows,web,404909f2806432fd9f5e9dc55caa8c9a37425d2c,2025-11-26T12:30:20,
dev_000074,mobile,macOS,web,18252340c7dc8c0b8ee2d7f915f31f7a4f06689d,2025-12-09T17:58:32,
dev_000075,mobile,Windows,app,553898901902ee4930b6dcee9aa74102a6eaff60,2025-12-26T09:25:55,
dev_000076,mobile,Windows,app,813e773e85d610df640250f6ab1aad0956e06a2b,2025-12-01T11:11:26,
dev_000077,mobile,Android,app,3f3c5045fb90ae9ff7193b314a99681d07097a92,2025-12-17T08:03:13,
dev_000078,desktop,iOS,app,515282fc413d37e5aa7422f424d403b901b562ae,2025-12-27T02:22:01,
dev_000079,mobile,iOS,app,89915173939465a68555e8ac0f2607273378064e,2025-12-09T14:17:56,
dev_000080,mobile,iOS,web,97d88d7fe1b4f89818101a8dc27f2346a1a9f117,2025-12-16T12:47:18,
dev_000081,mobile,iOS,app,7e6c8d05e240c5ce378c1c3d1dfc65ab011752f8,2025-11-30T14:34:00,
dev_000082,desktop,Windows,app,94fffefd81d8f1eb36f06c2b04bf7451d91695fe,2025-11-22T12:26:56,
dev_000083,mobile,Android,app,ff5f4e98deba4a8156c77b8c871330488a4591c9,2025-11-27T10:13:21,
dev_000084,mobile,Windows,app,bddff50d62c245505255df2896b9f06efa122230,2025-12-05T16:19:59,
dev_000085,mobile,iOS,app,968d0fd3f7750a2ff39814d62914876c69ac34ea,2025-11-27T20:59:48,
dev_000086,desktop,Windows,app,be129b3ce95a1426a2066a6f9884f07826d1dd5a,2025-12-06T15:50:41,
dev_000087,mobile,iOS,app,efd4cc662120cb13f4367e39b10b9a9d454c9509,2025-11-22T22:24:46,
dev_000088,mobile,Android,app,689a03dede21f05b5d0008fb303451bd33c8d949,2025-12-05T17:05:29,
dev_000089,desktop,iOS,app,d1cba55c5d0dd639cd701d757489dfaabc8adf6b,2025-12-25T07:53:19,
dev_000090,desktop,Android,app,df91d2e8c05149fd82f420ca2b47264f9b915bcf,2025-12-14T22:20:54,
dev_000091,desktop,Android,app,3c8d9a96046ed6e419c9476537132f0a3394f24c,2025-12-05T15:59:47,
dev_000092,mobile,iOS,app,571ce51461141d8a8d3a377408f94f1d9abc28db,2025-12-12T19:31:52,
dev_000093,desktop,Android,app,9dcd3581f8d85f3be83fc0e646d2dd94693cf19c,2025-12-19T14:09:08,
dev_000094,desktop,Android,app,ebc2efd7bc7cf596b67a7696981dce1b7ed549be,2025-12-12T16:01:49,
dev_000095,tablet,Android,app,c64bce4fd2300c7c0b7421729426b5d97131bbe7,2025-11-24T19:12:43,
dev_000096,mobile,Windows,app,a3422e2f9703dd8c1b992334efd0fccb07251117,2025-12-02T08:50:44,
dev_000097,desktop,Android,app,95e901fab6d7b6fe8981afa4ea140453aa1c4b52,2025-12-24T11:40:16,
dev_000098,mobile,Android,app,39baf2607bab05d9c48edfba23309c794a5dd54a,2025-12-03T12:46:01,
dev_000099,mobile,Android,app,92a2ed85204fbbf1035e573fbee1425baffaabb5,2025-12-02T11:26:48,
dev_000100,desktop,iOS,app,2f748a8c2dd7a2357b2f97bf9abb9da1db3937ff,2025-12-03T21:55:39,
dev_000101,mobile,iOS,web,e8fc4e4559fefc7d354c69566ccb15d9c558f1f3,2025-12-25T21:53:41,
dev_000102,mobile,macOS,app,a1bce8bd67533ea68fba4029c6d215c1f3a7aff1,2025-12-17T14:01:11,
dev_000103,mobile,iOS,web,40be39041c380057f3a686aca4882ed20ed86b1a,2025-12-04T09:00:29,
dev_000104,mobile,Android,app,105df3cd93863b45c5f166f5bfcd262e3f3b55f5,2025-12-22T14:05:38,
dev_000105,desktop,Windows,app,c8de95ec1d0e71b5c5493f773b72b5c028e1b49f,2025-12-22T09:21:33,
dev_000106,mobile,Android,web,9d133612a19c6096244cbad2a11658c16cc3a247,2025-12-25T03:46:44,
dev_000107,mobile,Android,app,88b2f52443fb2f68db12cdb998cfcc16108579e1,2026-01-01T16:12:44,
dev_000108,mobile,Android,app,effe99106a1d17bcc2d4fd38c4f9c874a6a67b58,2025-12-13T16:36:39,
dev_000109,mobile,Android,app,47bcd733b8b1a585d818bef2326703bf2d88fb4d,2025-12-11T20:45:02,
dev_000110,mobile,Windows,app,295eac429ef2eb5e2e4c1a4b1d42e6ad1dea7846,2025-12-25T11:23:50,
dev_000111,mobile,Android,app,d1d0023aa6d5ff3d85585f8e1c17c397d4056968,2025-12-04T14:46:55,
dev_000112,desktop,Windows,web,396efa0fb5c4f50f2c90fc8e872d756e50944574,2025-11-30T11:29:24,
dev_000113,mobile,Android,app,b1af15896e56c62747b3ac6a87ecc9c6747a199a,2025-12-05T15:20:17,
dev_000114,mobile,iOS,web,aac0a969826112a0d5b5456800e8fd2bd0d9e169,2025-12-26T12:01:30,
dev_000115,mobile,macOS,app,317aab3b5fc4acc62c9375bcd799cf8356712188,2025-12-31T13:25:11,
dev_000116,mobile,iOS,app,5887c1c4a72db817433e7d015060cfe0bc7c3d1b,2025-12-14T17:10:18,
dev_000117,mobile,Windows,app,aa50ed66bb37e538b737fba0d865c2740de9b79f,2025-12-17T07:43:52,
dev_000118,desktop,iOS,app,b3647fc6006e86016928a529356a7e29a604bdca,2025-11-30T23:51:00,
dev_000119,mobile,Android,app,0e7a40eb9710ae57941a94d5d16138b7157f6973,2025-12-16T14:34:13,
dev_000120,mobile,macOS,web,5b314bb2d89590e92d28ba2639e7881adc9a748e,2025-12-01T17:42:08,
dev_000121,desktop,iOS,app,db72e41e34a708d0c571d237fc1001c006f7ee3a,2025-12-18T22:23:02,
dev_000122,desktop,Android,app,fe714b784724ed2a49b6d8a7de77bd5419cd7ee0,2025-12-28T16:30:37,
dev_000123,mobile,Android,app,ee4a4259f1a7175a6e0d946f826693a073f11bef,2025-11-27T04:59:52,
dev_000124,desktop,Android,web,a89e938887b0d4f6f4835a42cef2d43708a749ad,2025-12-19T16:54:17,
dev_000125,mobile,iOS,app,1cc03592807b97794c3f4cdbe90c942c50ef57be,2025-11-25T01:38:40,
dev_000126,desktop,Android,app,29be67d2d585a10650e4f60755cc527343272275,2025-11-25T17:16:11,
dev_000127,mobile,Android,app,2175c673611728d1c720e38b174bc0f2e0879f2d,2025-12-19T16:06:58,
dev_000128,mobile,macOS,app,5b7f0125aec10f56b0efd2331682d6a2fad1b868,2025-12-15T13:05:53,
dev_000129,mobile,iOS,app,57aa1523307362869e4a3b6547d25efd1b7fee3c,2025-12-04T14:57:06,
dev_000130,desktop,Android,app,3bee26f43f0566b7f54e9c078f6034bd7cd6489e,2025-12-31T08:00:11,
dev_000131,mobile,iOS,app,16c984b03a1629bf23762817d5014b96104e7c99,2025-12-02T22:10:28,
dev_000132,mobile,macOS,web,8ec1edf0fe5ff61ae812f01f810bb2410148e615,2025-12-31T17:34:32,
dev_000133,desktop,Android,app,a358a626217664ae4fbbfb37beef28b1c24cdaa5,2025-12-07T22:37:20,
dev_000134,mobile,iOS,app,9c63de81ec7d408b055894c869719e8525994497,2025-12-09T10:29:26,
dev_000135,mobile,Windows,app,aa8a6c98fc93300c866ebbce8c9f163d431084bd,2025-12-31T22:35:54,
dev_000136,desktop,Windows,app,1718e4b8b6483b912413fec47f778c058148c619,2025-12-23T15:48:00,
dev_000137,mobile,Windows,app,3a48b9142d6fb69bddd210b474b789fdf8ecf3e0,2025-12-10T13:44:39,
dev_000138,mobile,Android,app,5a5cc43a13a0739b8be118e3dc9936dd86d6253c,2025-12-29T23:13:48,
dev_000139,mobile,iOS,app,ef7af46fd7b413fca3699a4bb04037cb86096486,2025-12-20T15:53:07,
dev_000140,tablet,Android,app,c51481d289599303807a52a9e5d938df15f95536,2025-12-14T16:41:01,
dev_000141,mobile,macOS,app,bb2d2cf5f0d483148b6cfd2198af45becf3dd62e,2025-12-18T16:41:50,
dev_000142,mobile,iOS,app,4c0315f623dbf3bf94c0e0ab9bc6a5cdfb3329d6,2025-11-24T20:09:23,
dev_000143,mobile,iOS,web,3879cd4f93558c475e2c693d2e2d5f16be2b2937,2025-12-01T02:09:00,
dev_000144,desktop,macOS,web,2e130eff7341de79e04d27d14dfb82fcd4c890ed,2025-12-17T13:38:38,
dev_000145,mobile,Android,app,33e3555a352f68b47225af64c6746453d2abcfe8,2025-12-03T16:36:48,
dev_000146,mobile,iOS,web,80bb9ac65033dcb0d32dedb1eb0ccdd2bd435a81,2025-12-29T15:47:29,
dev_000147,mobile,Android,app,fd8d6e690943c3b53489ab810f052c4ac9693177,2025-11-29T13:26:11,
dev_000148,desktop,iOS,app,89339ba7426152c43df5764d3ec0daeb6af688de,2025-12-09T16:58:22,
dev_000149,mobile,iOS,app,449e2aa025bc989a3801fccb7a3f1572dfe2524d,2025-11-28T12:34:20,
dev_000150,desktop,macOS,app,271b9d7c1eec57a4d1541142528c441577701abc,2025-12-11T19:52:28,
dev_000151,mobile,Windows,app,272f489ab69799c2e2d43b353a9a24903dd984e9,2025-11-30T19:44:14,
dev_000152,mobile,Android,app,53b8a856e61e1134420a5306e749c9e2a4111a22,2025-12-09T02:22:10,
dev_000153,mobile,iOS,app,e05a67e0c18f8e2b14687df9d17cb39e8bc527fc,2025-11-22T16:12:18,
dev_000154,mobile,iOS,app,8c801e9b0183eaa62a9b335f81f7f60cb995f038,2025-11-29T14:38:47,
dev_000155,mobile,macOS,app,ec3db5a142d784af0a54852eff8961b1a86f7b3f,2025-11-26T21:43:23,
dev_000156,mobile,iOS,app,02bf02c05a8990193a412cc217c0fc36e4d76be2,2025-11-29T14:14:40,
dev_000157,mobile,iOS,app,bdf7ef2d9821c9454cbe0a577dccba96923ee2f5,2025-12-30T19:19:39,
dev_000158,mobile,Android,app,2348cf079c1ef4c5ea59605a436dfa3c0d6637a7,2025-12-27T22:03:25,
dev_000159,mobile,macOS,app,821ff53b77b5c0af577eb08b043c9c64936b8aa9,2025-11-23T12:53:23,
dev_000160,desktop,Android,app,92b73a7f02008bdfb884c91d9613465a941645d5,2025-12-14T03:22:03,
dev_000161,mobile,iOS,app,6bcef171381e4facaad04b6aeb39fee759abc3a3,2025-12-06T11:45:54,
dev_000162,mobile,Android,app,aad7f986ca19cbb1751889e555924a2ecca94799,2025-12-01T20:54:27,
dev_000163,desktop,Windows,app,3856297c9325475d75dd3eeebcce641267ccd268,2025-12-10T13:43:38,
dev_000164,desktop,iOS,app,767838f997f553668164dac5c9acd1e4fd6b5881,2025-11-26T21:57:23,
dev_000165,mobile,iOS,app,00f8162907efc924251f6ce4a1f0c00bd0bac378,2025-12-18T15:03:31,
dev_000166,desktop,Windows,app,d4c4313a71d6a370d2669b57f3ff6d9e17c0e3b1,2025-12-07T21:00:58,
dev_000167,desktop,Windows,app,0ddc1516568736de201a7c70e4462dbacce795a9,2025-12-02T23:20:56,
dev_000168,mobile,macOS,web,4513fb9226d321f4432d99cc35bde8148b2ba8fc,2025-11-30T23:26:50,
dev_000169,mobile,Windows,app,1706e0a5d3f6c53616403186b6b8afb11fa591aa,2025-12-31T13:09:05,
dev_000170,mobile,Windows,web,8d91dadf5c65e87e657a1b1cba08cf1e70ee2454,2025-12-23T08:12:55,
dev_000171,mobile,iOS,app,a62f89cc841fde5b98676b610daa1af901281d58,2025-12-19T20:04:06,
dev_000172,mobile,Android,app,4dd2636238075993e4b534b199ee3f78bafbf53d,2025-12-30T18:00:16,
dev_000173,mobile,macOS,app,06e51000ed74916f1e016edab5210945d33ad049,2025-12-29T08:32:31,
dev_000174,mobile,Windows,web,42c306da23b2c7ec37e85b4003db1937d17e9471,2025-11-29T12:55:18,
dev_000175,mobile,macOS,app,be30a32e64b657375afe1c6646d3ac8e7eacf03c,2025-12-29T00:33:49,
dev_000176,mobile,iOS,app,7fec8ff9d0b1c4fe9651c036061c68db3f74eddf,2025-12-30T14:16:11,
dev_000177,mobile,Android,app,b390477e0e535d0ee583d1790c341f193729d9e8,2025-12-06T16:09:59,
dev_000178,mobile,Android,web,de4a52471c06a28912d16c6e1748126e6ee43df5,2025-12-22T12:43:57,
dev_000179,mobile,Windows,app,10ac6c696baeacc09977f6bcfea7432f885a004e,2025-12-29T23:28:39,
dev_000180,mobile,iOS,web,eaf713c6bfe639e0bed3bd42d0d0cc7f2301329f,2025-12-08T18:27:34,
dev_000181,mobile,iOS,app,3280b3e861e13f3b43cc2bb9de3fd1462aae2120,2026-01-01T22:12:05,
dev_000182,mobile,Android,app,aaffb950e070f47a1f3e7b58b2e1bb54a1368e67,2025-12-31T03:14:45,
dev_000183,desktop,iOS,app,aeef81c353af61b0fb04a19afdbbbf316445feee,2025-12-16T02:50:30,
dev_000184,mobile,Android,app,15f4b4f8234aaf3325dc1c925e3734c2b737b72e,2025-12-02T11:50:26,
dev_000185,tablet,Android,app,47bfcd16d158150b5f96233e206dcfc6a75122f6,2025-12-02T07:51:04,
dev_000186,mobile,Android,web,ff2c380b3635c6af0e264211effa4d6ce57e6b2d,2025-12-14T22:17:57,
dev_000187,desktop,Android,app,2589ca7e9d0361ff22df0d993cc37a1fd3003775,2025-12-07T10:50:14,
dev_000188,mobile,Windows,app,c9289b968b3290a29d46fc53560165ba05eb93a2,2025-12-11T20:58:22,
dev_000189,mobile,Windows,app,9aae4eae07817524a6eaa3783cc91f909151a338,2025-12-24T07:53:23,
dev_000190,mobile,Android,app,4053e7007536b926aecc96575d8669b22323fe85,2025-12-15T12:45:27,
dev_000191,mobile,iOS,app,708d91afc5f78a8635d3ecabd73062140af796d6,2025-12-25T15:33:49,
dev_000192,mobile,Android,app,8d8febf3789497b017a3d33cd4c7a4b0b3b27bcc,2025-12-01T09:23:19,
dev_000193,mobile,Android,app,e74ad0d30341eca26d6bcbd50ff48476a52da864,2025-12-20T09:05:51,
dev_000194,desktop,Android,app,acf89d6f6146a30497a167deb2acfa5c5c2e51d3,2025-12-26T07:17:50,
dev_000195,mobile,Android,app,4235c0075ce1914b1058f3fcf4dc467045c31f8c,2025-12-31T01:01:45,
dev_000196,mobile,macOS,app,e819817060b256b3e218c06afa96b7316fd40411,2025-12-07T23:50:08,
dev_000197,mobile,Windows,app,a69bfedeb5e6d895edb1c05d950c94e9f771f2c1,2025-12-11T07:53:08,
dev_000198,desktop,Android,web,7722c4f6a0286f852bc7e671287e2a8854c1cd71,2026-01-01T23:59:00,
dev_000199,mobile,Android,app,f292466080498b25b50c1a90ac436ca715e2f8a1,2025-11-22T09:59:12,
dev_000200,mobile,macOS,web,403d17cdc60e1345ae9af08dd95b8a72fb9d7ff0,2025-12-25T20:12:54,
dev_000201,mobile,Windows,web,fe22395ea1bcecfa6a9172ab7563a3d6d5d74744,2025-12-06T03:04:58,
dev_000202,desktop,iOS,app,a46a43b6c7e21a2d3975d2af5ea1ce833a699f25,2025-11-23T16:59:21,
dev_000203,mobile,iOS,app,71b1ab310b9238e3d53a4d4733b80d632af0a2ed,2025-12-16T15:48:26,
dev_000204,mobile,Android,app,595ebffaf976665d855949adbc0185d6a49eb20b,2025-12-31T13:41:43,
dev_000205,mobile,Android,app,1e9822bc6e89b076e04b0544f38aa3b37efd51a7,2025-12-22T13:18:23,
dev_000206,mobile,iOS,web,7b1e6138a12464c3342981d3e37746c4d0126209,2025-11-24T11:40:14,
dev_000207,mobile,Windows,app,680d5ca45331f79bb7ef5e5e7c53daf23aa1802d,2025-12-04T09:58:06,
dev_000208,desktop,iOS,web,58482003a2ad0d41cdcf99b2dfc0884e5b6ee6ee,2025-12-11T13:51:23,
dev_000209,mobile,iOS,web,f90762ef5c8859ec81fd263b83abc6cae5c05449,2025-12-04T14:44:23,
dev_000210,mobile,iOS,web,5ee2f2153ea364990080ba333f6db4c7a8aa5ae8,2025-12-17T14:56:24,
dev_000211,mobile,Windows,app,a5ab1b3e648d1010917c0cabdfa2bd075fdf1c4d,2025-12-25T15:02:29,
dev_000212,mobile,Android,app,49f4a1cf11086d6a81d09ee8bde21e2d476e8274,2025-12-08T17:49:43,
dev_000213,desktop,Windows,web,e0d647d7adc071c633f07b1605e55b70c46a7e24,2025-11-22T20:52:22,
dev_000214,mobile,Android,web,6add6fedb6164abb86ae2ae0447efc32ee2b9709,2025-12-01T19:14:46,
dev_000215,mobile,Windows,app,ba78310b86ca3cea0853bfcfb0257f6b0c719241,2025-12-26T15:01:36,
dev_000216,desktop,Android,app,313b69974d749fa659cd56d328902a86de5de25a,2025-12-17T01:25:04,
dev_000217,mobile,Windows,app,dddc06c5b9e3ad28295e6b5fdec6c49fa4c956c3,2025-12-02T01:34:26,
dev_000218,mobile,Windows,app,71f7797fc18750e907b333bb820bbf7ad120cfb4,2025-12-22T09:37:12,
dev_000219,mobile,macOS,app,24906ae7fd0e596bcf7534926cd30a06c386fc67,2025-12-21T16:11:44,
dev_000220,mobile,iOS,app,c42d75dbb1975ce940f5d2e96e8a3ee1bfc5a4a8,2025-12-21T16:25:54,
dev_000221,mobile,Android,app,87063aed78ba63212a77471b80947b56b0217e86,2025-11-24T22:13:28,
dev_000222,desktop,macOS,app,e18521cd8ff3c93bce9fa226e9a128a2c4622ec2,2025-12-19T08:06:22,
dev_000223,mobile,iOS,app,3db49acbf6e655b2d8dc0db9c1479f53d6063df3,2025-12-09T13:02:04,
dev_000224,tablet,iOS,app,521fc554d7642397397821f20fbcfcc838d25f10,2025-12-28T07:38:20,
dev_000225,mobile,iOS,app,de14a7ae61bf6f70288563b87f015be5dc68b465,2025-12-10T14:13:41,
dev_000226,desktop,Android,app,cd38987ca15641c8372955a798983afa228435c3,2026-01-01T23:59:00,
dev_000227,mobile,Windows,web,d17049570a1f80e937a8020a8a30664d4f8dcfb0,2025-12-07T14:46:29,
dev_000228,desktop,Android,app,251aced6159095b81193fd8a4e0ffc549666aa2c,2025-12-11T12:35:46,
dev_000229,mobile,Android,app,32e17ad8f492398b4bf9533e8219937d7bd1ff1e,2025-12-13T10:12:09,
dev_000230,desktop,Android,web,027475e213f9e5667cc986a38dc03277e320c8d5,2025-12-07T11:58:52,
dev_000231,desktop,iOS,app,553aec99045f9cd04e06c563aea9f08383ca6c71,2025-12-01T15:37:42,
dev_000232,desktop,Android,app,96441ff1051a221f2a505e0af98b983cbe53a597,2025-11-27T12:56:27,
dev_000233,mobile,Windows,app,3ab71fe7d8b604ec4c0cbef4cbb223857a3e3520,2025-11-25T19:16:57,
dev_000234,mobile,macOS,app,a40f588e022d6747839e456a35da59f1d16ff426,2025-12-23T13:38:27,
dev_000235,desktop,iOS,app,0bb48d7b854af91add267f3c4ea812602b5e8d6d,2025-12-12T09:55:02,
dev_000236,mobile,Android,app,613fc49bb2996bcc1b7e0cf89d5391c90f32732b,2025-12-19T03:42:54,
dev_000237,desktop,macOS,app,2676073cd866e293a349839568319710638e6796,2025-12-23T09:55:14,
dev_000238,tablet,Android,app,b9a42ff4060eb07b352fe6470a2500306a19d410,2025-11-25T12:54:24,
dev_000239,desktop,iOS,app,b2ae29078ab1b00086a5fd8f8112386069f6c99b,2025-12-06T18:59:55,
dev_000240,tablet,Android,web,ccda9380f5001d8b896cb8e6e3196a01e6a04ff0,2025-11-23T13:27:43,
dev_000241,mobile,Windows,app,993d97c495f7749621a394811a753ea2cd34cba2,2025-11-22T17:36:06,
dev_000242,desktop,Android,app,c8abc129da1a4a0e4459dd11390baa8b14f83010,2026-01-01T23:59:00,
dev_000243,mobile,Android,app,a6d0ba17a5108b23f0d8dd1abfb7c08ebcf0d941,2025-12-27T13:07:02,
dev_000244,desktop,Windows,app,3df22550404cdd160d26a6581e8744ff8e43a742,2025-11-24T13:54:53,
dev_000245,mobile,iOS,app,f75bcefcd42a79f2969efb3292d0d7aa876d7fe0,2025-12-19T09:16:24,
dev_000246,mobile,Android,app,8b76e83eb1d8471756c11acb2fd3e832b4a3608d,2025-12-18T07:23:58,
dev_000247,mobile,Windows,app,c2c4dc9de94ba83997010416b7d0b214113b228d,2025-12-26T17:25:30,
dev_000248,desktop,Android,app,242b9dfb08fb324ed487b69d8d3c61084e84ddb3,2025-12-28T18:58:46,
dev_000249,mobile,iOS,app,c26b9627c451a428da9f8d89963fad426edc8361,2025-12-27T18:27:43,
dev_000250,mobile,Windows,app,23e0ff47ef14a332861f1395e25138a9181e084c,2025-11-25T14:10:23,
dev_000251,mobile,iOS,app,5bc2f2a876b70b5b8d7c50cc3e54cd2760afbb0d,2025-12-03T11:06:27,
dev_000252,mobile,iOS,app,5c3f2174395a6eede1da26710bd15d509de97e67,2025-12-01T20:14:30,
dev_000253,desktop,Windows,app,5f56465ff8bfc105e7c7b0009c24b68a7f911912,2025-12-16T07:50:01,
dev_000254,mobile,iOS,app,2482ae9ae6a292e9b20839083dafcb6c194642bf,2025-12-04T21:01:39,
dev_000255,mobile,iOS,app,79979fd5c5c320977af5536a95e8f7e73e545d82,2025-12-19T14:23:21,
dev_000256,desktop,iOS,app,b928bd5d25e3caf3152ccc6f13a0963ac74af926,2025-12-13T14:48:12,
dev_000257,mobile,iOS,app,5e50ef0bdea87de280a364d359d1917fbfecfac2,2025-12-02T15:44:00,
dev_000258,mobile,Windows,app,c18365046be89bc9046439dbe18881a7aae7d1dc,2025-12-09T12:14:02,
dev_000259,desktop,Windows,web,f1957267dbcc6f39e8091670e77595363712c458,2025-12-08T23:38:35,
dev_000260,mobile,Windows,web,977041adcb9e78407be90c87b47be1849e5b319f,2025-12-30T12:04:27,
dev_000261,desktop,iOS,app,c95444f1255bec2bdd379a319ba85d024db24557,2025-11-22T14:24:01,
dev_000262,mobile,Android,app,354f4032b62fe3dcfb1d23e521c21bd4042115bf,2025-12-26T07:06:34,
dev_000263,desktop,iOS,app,6b4303a90a0c37d722189e95fac70c12ff8c4de9,2025-12-01T13:14:58,
dev_000264,mobile,Windows,app,208ae78d369c3803147d10283d91d6e5ceaccc4c,2025-11-28T14:42:23,
dev_000265,desktop,Windows,web,c9862c6bdd48416044615ea302f0814235a20122,2026-01-01T23:59:00,
dev_000266,tablet,iOS,app,fabaaa738f2a85bdbd85be746bd5a22756e543d1,2025-11-30T14:22:20,
dev_000267,desktop,Android,web,a6fc19445bca723761dbc8aceb1ceb8fd27bf0ed,2026-01-01T23:59:00,
dev_000268,mobile,iOS,app,779a3bedd1e3525c8f11757e0bf0f337d395b802,2025-11-22T17:26:09,
dev_000269,desktop,Android,app,00eee0dbf7b51bc4051b70ab7b0bb57090d53064,2025-11-27T12:47:13,
dev_000270,desktop,macOS,app,18fa41ea65663ab5ac839a0e8f263ff6e8e491f2,2025-11-26T21:30:20,
dev_000271,tablet,Windows,web,81a2443a29294497adb52da5687f12980b4cb644,2025-12-24T17:25:46,
dev_000272,desktop,Android,app,7b2369136f999d43dfe7bd617a8b0ec0e7311214,2025-12-01T10:30:37,
dev_000273,mobile,Android,web,f19d3786bba8660ea32f7556b68cbd8fe4276d28,2025-12-06T23:41:09,
dev_000274,mobile,Android,app,a718cbdf500e2dbb733a5f1c328cc092f9a2cc82,2025-12-10T09:36:23,
dev_000275,mobile,iOS,web,7b82476339064b9edebb9da825ed289006a9d77d,2025-11-24T16:03:47,
dev_000276,mobile,Android,web,ea312df93746720527a83ca798e647b30fdd8351,2025-12-01T13:36:02,
dev_000277,desktop,Android,web,81a0c47b20c571cfaefa0b6aaa0aa62c2aadc4bb,2025-12-11T09:26:30,
dev_000278,desktop,Windows,app,bbea00890d358e6a9f33e4303ddaecde2246060c,2025-11-22T01:40:28,
dev_000279,desktop,iOS,app,fefd9825d3be7b1f4f553bb6a79d2eb978f4f133,2025-12-02T12:22:13,
dev_000280,desktop,iOS,web,c54b36f8011ffdd2b8078b53e0beebeb49f10a47,2025-12-24T18:44:31,
dev_000281,desktop,Android,app,b26d8ad591ab3db30aef64de1b53fd274d2a8a7b,2025-12-23T22:59:34,
dev_000282,mobile,Windows,app,ce57a2596da62e9e9798af6e1977df6b7ffcca95,2025-12-18T18:57:58,
dev_000283,mobile,Windows,web,1dce9308aa76290d528052951d8191f7c01a364e,2025-12-30T12:36:27,
dev_000284,mobile,macOS,app,880e78885ea5176b7acb0e373a941f26db9fb855,2025-12-26T23:49:51,
dev_000285,mobile,iOS,app,b11bc4baddc8080be3a5c606a47b086a9dd43586,2025-12-29T18:29:59,
dev_000286,mobile,Android,app,42e4d2d84102fd5f15fc1503b8bc532f0fe55505,2025-12-31T11:10:33,
dev_000287,mobile,Android,app,ab63f5b8f5cf2c37a6f240fc0126df51f0438267,2025-12-03T17:56:45,
dev_000288,desktop,iOS,web,75c14253fe31ad5b69991919be83314484825ccc,2025-12-23T14:27:38,
dev_000289,desktop,Windows,app,8e9899f74ad07ce369733f52af4af42c0056da2f,2025-12-28T19:35:04,
dev_000290,mobile,iOS,app,3d35c3472ea14fd48f00696f8e46ec31c1a2c298,2025-12-28T03:18:08,
dev_000291,mobile,Android,web,df7f0991308aed42f565cd8f9a440fcf529c0548,2025-12-18T20:20:48,
dev_000292,mobile,Windows,web,4e3cd3b44b13d2c924019a7db5949e05a7ebe762,2025-12-16T12:59:08,
dev_000293,desktop,iOS,app,c77687556a1582cff32ba3417fba400890899873,2025-12-05T08:29:52,
dev_000294,mobile,iOS,app,b7ec0a0d7244924975820f2cf93e624b51d24bc6,2025-11-23T19:17:01,
dev_000295,mobile,iOS,app,39c417053ece3951023193fce0e842a26312e6ee,2025-11-29T11:57:02,
dev_000296,mobile,Windows,app,c3de28b111fdcc56d4cf176e3a17bdd5dabff909,2025-12-17T11:14:46,
dev_000297,mobile,iOS,app,624818680de8f8de14a553a93ec1b2f25c621cc5,2025-11-22T10:47:19,
dev_000298,mobile,Android,app,77c9c9eb810919ea8ca88a1877993731e31bd3b0,2025-12-23T14:00:52,
dev_000299,desktop,Windows,web,6b131b6e8fd2072af54899aba452ec21d4cf16cd,2025-12-30T13:43:33,
dev_000300,desktop,Android,web,e33fdf4465516e4878a137c388ada99970f1cee7,2025-12-14T11:31:59,
dev_000301,mobile,Android,app,2c55ad736cdabebd5165b0b39455b22a97254f72,2026-01-01T14:57:06,
dev_000302,mobile,iOS,web,560578e49ca265fcc83907b18a30e26a4c0bfeeb,2025-12-07T13:08:39,
dev_000303,desktop,iOS,app,02f51430d72b2a4f3bcec39a0cf10b15af10f6f4,2025-12-21T22:29:53,
dev_000304,mobile,iOS,app,6a9bfeead04cb9529a874a20808e5547c54ce491,2025-12-17T07:19:25,
dev_000305,mobile,Windows,app,bba40f79abd6c8de9020eb1e37de9c155f23a14b,2025-12-31T08:40:01,
dev_000306,desktop,Android,app,06fd6fd50c5d2ff1dbcb5b1537800655f714d2c1,2025-12-14T03:56:46,
dev_000307,desktop,Android,app,64254f219b20961bcb8c1cc25f8f456775a3e5c3,2025-12-25T11:11:41,
dev_000308,mobile,iOS,web,4504fb71f73332181f8625caa15cebf0352cb7dd,2025-11-26T13:38:40,
dev_000309,mobile,iOS,app,a7e014926e128f1fa2b763e6aca84cb4bee505e2,2025-12-27T13:31:28,
dev_000310,desktop,Android,app,7b6411c010d0c2919ded71962233e6615b4f622d,2025-12-14T15:54:08,
dev_000311,mobile,iOS,web,98d12356633c1b6f57645e37b99457b33ddcc604,2025-12-11T10:14:03,
dev_000312,mobile,iOS,web,02f4a8ce83ac79ae787cf1ba5a7beb4371167963,2025-11-25T09:59:48,
dev_000313,mobile,iOS,app,51838f55558e6cd15fd3950fd45bb27a6244e452,2025-11-30T14:35:08,
dev_000314,mobile,Android,web,1816cf38c135538a2458da97f9a24706369f70fc,2025-12-07T15:00:14,
dev_000315,mobile,iOS,app,69ebf5892fe4ff5f239ffab08ef4f9bcc9ee939f,2025-12-27T16:15:33,
dev_000316,desktop,iOS,app,49b2ab17aabbf0e31aea13e79dd3b2683e3bcb56,2025-12-11T18:03:17,
dev_000317,desktop,macOS,app,3458619aef9e8ae001582b5cf3f93b5de62f9788,2025-12-28T22:16:10,
dev_000318,mobile,Windows,web,29bf335a52157b3e550a89c6d54eda9ef1f40cc1,2025-11-27T04:18:21,
dev_000319,mobile,Android,app,21de355c6b294c64f4c82cc9f193ceeb3068c601,2025-12-03T07:14:07,
dev_000320,mobile,Windows,app,6f05cb4440edde32d20a68e3bd4ed34cc2a09841,2025-12-08T00:43:54,
dev_000321,mobile,Windows,app,bebba565157103f277ef463ebf8758e2e3a0483d,2025-12-29T19:24:53,
dev_000322,mobile,Android,app,f4b8a4ed27ee00b922c8a1197b987118a1b0c3be,2025-12-15T15:14:28,
dev_000323,desktop,iOS,web,a951ac309ca687789379b5d6010b65a9b29a9135,2025-12-29T22:16:50,
dev_000324,mobile,macOS,web,d217ab58affa4b36699c82a8f735d5504acf7df3,2025-12-29T11:46:02,
