bank_account_id,bank_code,bank_name,country,currency,opened_at,shared_group_id
bank_000001,004,臺灣銀行,TW,TWD,2025-07-12T08:48:47,
bank_000002,812,台新銀行,TW,TWD,2025-09-16T17:04:09,
bank_000003,004,臺灣銀行,TW,TWD,2025-12-12T14:13:15,
bank_000004,013,國泰世華,TW,TWD,2025-07-09T23:54:59,
bank_000005,009,彰化銀行,TW,TWD,2025-10-17T11:15:56,
bank_000006,004,臺灣銀行,TW,TWD,2025-08-31T20:15:35,
bank_000007,005,土地銀行,TW,TWD,2025-07-28T10:33:29,
bank_000008,008,華南銀行,TW,TWD,2025-07-11T00:37:06,
bank_000009,004,臺灣銀行,TW,TWD,2025-09-05T20:30:40,
bank_000010,013,國泰世華,TW,TWD,2025-07-11T17:26:12,
bank_000011,005,土地銀行,TW,TWD,2025-07-11T16:29:04,
bank_000012,013,國泰世華,HK,TWD,2025-09-19T17:42:58,
bank_000013,700,中華郵政,TW,TWD,2025-12-05T22:40:26,
bank_000014,009,彰化銀行,TW,TWD,2025-11-23T17:38:47,
bank_000015,009,彰化銀行,TW,TWD,2025-11-25T01:33:38,
bank_000016,812,台新銀行,TW,TWD,2025-10-22T08:49:12,
bank_000017,700,中華郵政,TW,TWD,2025-11-10T11:42:12,
bank_000018,006,合作金庫,TW,TWD,2025-10-01T07:47:55,
bank_000019,005,土地銀行,HK,TWD,2025-10-31T08:43:06,
bank_000020,009,彰化銀行,TW,TWD,2025-11-12T07:27:17,
bank_000021,700,中華郵政,TW,TWD,2025-08-17T13:47:53,
bank_000022,004,臺灣銀行,TW,TWD,2025-10-09T11:42:53,
bank_000023,009,彰化銀行,TW,TWD,2025-09-03T15:34:18,
bank_000024,700,中華郵政,TW,TWD,2025-11-04T17:42:11,
bank_000025,005,土地銀行,TW,TWD,2025-12-09T10:31:39,
bank_000026,009,彰化銀行,TW,TWD,2025-09-07T15:25:29,
bank_000027,013,國泰世華,TW,TWD,2025-11-05T09:24:10,
bank_000028,013,國泰世華,TW,TWD,2025-11-30T17:02:05,
bank_000029,009,彰化銀行,TW,TWD,2025-10-29T09:12:06,
bank_000030,013,國泰世華,TW,TWD,2025-10-15T08:59:21,
bank_000031,004,臺灣銀行,TW,TWD,2025-08-13T20:40:14,
bank_000032,006,合作金庫,TW,TWD,2025-12-16T18:51:20,
bank_000033,004,臺灣銀行,TW,TWD,2025-12-12T11:03:24,
bank_000034,009,彰化銀行,TW,TWD,2025-11-07T10:22:01,
bank_000035,008,華南銀行,US,TWD,2025-08-24T16:46:13,
bank_000036,004,臺灣銀行,US,TWD,2025-09-26T12:36:36,
bank_000037,009,彰化銀行,TW,TWD,2025-11-29T21:39:45,
bank_000038,812,台新銀行,TW,TWD,2025-07-05T12:28:04,
bank_000039,004,臺灣銀行,TW,TWD,2025-09-10T21:38:51,
bank_000040,006,合作金庫,TW,TWD,2025-12-16T17:59:46,
bank_000041,812,台新銀行,JP,TWD,2025-10-17T16:08:03,
bank_000042,700,中華郵政,TW,TWD,2025-12-12T13:55:00,
bank_000043,008,華南銀行,TW,TWD,2025-10-21T04:20:34,
bank_000044,700,中華郵政,TW,TWD,2025-09-01T09:33:41,
bank_000045,004,臺灣銀行,TW,TWD,2025-08-30T20:02:15,
bank_000046,009,彰化銀行,TW,TWD,2025-07-28T14:33:02,
bank_000047,013,國泰世華,TW,TWD,2025-10-27T07:55:46,
bank_000048,700,中華郵政,TW,TWD,2026-01-01T13:31:01,
bank_000049,005,土地銀行,TW,TWD,2025-09-22T04:01:48,
bank_000050,009,彰化銀行,TW,TWD,2025-07-17T15:17:15,
bank_000051,008,華南銀行,TW,TWD,2025-10-07T22:36:32,
bank_000052,006,合作金庫,TW,TWD,2025-08-22T11:19:38,
bank_000053,812,台新銀行,TW,TWD,2025-12-24T20:50:10,
bank_000054,008,華南銀行,TW,TWD,2025-09-28T20:06:49,
bank_000055,700,中華郵政,TW,TWD,2025-08-20T11:56:38,
bank_000056,008,華南銀行,TW,TWD,2025-09-11T15:44:32,
bank_000057,004,臺灣銀行,TW,TWD,2025-09-30T12:02:58,
bank_000058,004,臺灣銀行,TW,TWD,2025-10-15T15:09:06,
bank_000059,005,土地銀行,TW,TWD,2025-08-31T22:11:58,
bank_000060,005,土地銀行,TW,TWD,2025-11-03T07:14:53,
bank_000061,700,中華郵政,TW,TWD,2025-08-27T12:26:45,
bank_000062,009,彰化銀行,TW,TWD,2025-09-24T01:50:32,
bank_000063,013,國泰世華,TW,TWD,2025-09-09T21:50:08,
bank_000064,005,土地銀行,TW,TWD,2025-10-12T07:11:17,
bank_000065,812,台新銀行,TW,TWD,2025-09-30T13:44:37,
bank_000066,006,合作金庫,TW,TWD,2025-08-24T18:07:08,
bank_000067,700,中華郵政,TW,TWD,2025-12-07T01:20:46,
bank_000068,005,土地銀行,TW,TWD,2025-08-11T15:32:42,
bank_000069,006,合作金庫,TW,TWD,2025-09-11T08:53:35,
bank_000070,008,華南銀行,TW,TWD,2025-09-03T11:09:07,
bank_000071,812,台新銀行,TW,TWD,2025-10-11T07:52:18,
bank_000072,004,臺灣銀行,TW,TWD,2025-12-17T13:19:55,
bank_000073,008,華南銀行,TW,TWD,2025-09-15T10:34:20,
bank_000074,700,中華郵政,TW,TWD,2025-08-20T17:04:36,
bank_000075,013,國泰世華,SG,TWD,2025-08-04T14:18:45,
bank_000076,700,中華郵政,SG,TWD,2025-12-06T11:06:34,
bank_000077,700,中華郵政,TW,TWD,2025-08-30T20:26:17,
bank_000078,009,彰化銀行,TW,TWD,2025-11-02T04:10:58,
bank_000079,004,臺灣銀行,TW,TWD,2025-10-05T17:55:50,
bank_000080,004,臺灣銀行,TW,TWD,2025-10-31T10:37:20,
bank_000081,005,土地銀行,TW,TWD,2025-07-14T11:09:22,
bank_000082,006,合作金庫,TW,TWD,2025-07-22T13:13:56,
bank_000083,008,華南銀行,TW,TWD,2025-09-29T19:26:33,
bank_000084,006,合作金庫,TW,TWD,2025-07-07T15:59:21,
bank_000085,013,國泰世華,TW,TWD,2025-07-13T11:53:31,
bank_000086,009,彰化銀行,TW,TWD,2025-10-02T07:56:13,
bank_000087,004,臺灣銀行,TW,TWD,2025-10-14T17:35:03,
bank_000088,005,土地銀行,TW,TWD,2025-10-30T12:37:03,
bank_000089,006,合作金庫,TW,TWD,2025-08-30T20:21:54,
bank_000090,700,中華郵政,AE,TWD,2025-09-22T07:14:53,
bank_000091,006,合作金庫,TW,TWD,2025-07-22T15:50:07,
bank_000092,013,國泰世華,TW,TWD,2025-11-26T07:49:07,
bank_000093,812,台新銀行,TW,TWD,2025-08-18T20:21:56,
bank_000094,008,華南銀行,TW,TWD,2025-12-31T08:47:40,
bank_000095,006,合作金庫,TW,TWD,2025-11-27T08:07:26,
bank_000096,700,中華郵政,TW,TWD,2025-08-24T22:49:12,
bank_000097,008,華南銀行,TW,TWD,2025-09-22T23:05:42,
bank_000098,004,臺灣銀行,TW,TWD,2025-10-08T02:23:55,
bank_000099,008,華南銀行,TW,TWD,2025-09-14T08:21:18,
bank_000100,009,彰化銀行,TW,TWD,2025-11-12T09:11:48,
bank_000101,700,中華郵政,TW,TWD,2025-08-03T13:56:19,
bank_000102,700,中華郵政,TW,TWD,2025-08-30T14:14:06,
bank_000103,700,中華郵政,TW,TWD,2025-09-30T19:14:57,
bank_000104,700,中華郵政,TW,TWD,2025-12-26T12:12:29,
bank_000105,700,中華郵政,TW,TWD,2025-07-11T12:36:44,
bank_000106,008,華南銀行,TW,TWD,2025-09-03T08:40:44,
bank_000107,700,中華郵政,TW,TWD,2025-12-07T11:48:32,
bank_000108,013,國泰世華,TW,TWD,2025-10-26T19:09:13,
bank_000109,005,土地銀行,TW,TWD,2025-09-03T09:14:54,
bank_000110,700,中華郵政,TW,TWD,2025-12-03T04:20:28,
bank_000111,812,台新銀行,TW,TWD,2025-07-05T18:16:10,
bank_000112,008,華南銀行,TW,TWD,2025-08-03T16:49:24,
bank_000113,013,國泰世華,TW,TWD,2025-08-20T12:02:10,
bank_000114,009,彰化銀行,TW,TWD,2025-07-27T12:24:56,
bank_000115,013,國泰世華,TW,TWD,2025-07-13T08:22:20,
bank_000116,009,彰化銀行,TW,TWD,2026-01-01T23:59:00,
bank_000117,013,國泰世華,TW,TWD,2025-08-23T16:50:26,
bank_000118,006,合作金庫,TW,TWD,2025-07-14T11:19:17,
bank_000119,005,土地銀行,TW,TWD,2025-07-23T15:35:23,
bank_000120,008,華南銀行,TW,TWD,2025-10-17T08:02:54,
bank_000121,009,彰化銀行,TW,TWD,2025-08-27T18:09:14,
bank_000122,008,華南銀行,TW,TWD,2025-09-07T14:04:46,
bank_000123,008,華南銀行,TW,TWD,2025-09-12T19:02:08,
bank_000124,812,台新銀行,TW,TWD,2025-08-13T21:40:09,
bank_000125,013,國泰世華,TW,TWD,2025-12-05T09:24:25,
bank_000126,004,臺灣銀行,TW,TWD,2025-11-06T11:51:40,
bank_000127,009,彰化銀行,TW,TWD,2025-09-20T17:01:19,
bank_000128,013,國泰世華,TW,TWD,2025-07-08T11:51:10,
bank_000129,006,合作金庫,TW,TWD,2025-07-12T15:46:59,
bank_000130,013,國泰世華,TW,TWD,2025-10-18T12:37:20,
bank_000131,004,臺灣銀行,TW,TWD,2025-07-16T15:54:54,
bank_000132,005,土地銀行,TW,TWD,2025-08-19T18:53:11,
bank_000133,812,台新銀行,TW,TWD,2025-10-26T14:15:53,
bank_000134,700,中華郵政,TW,TWD,2025-12-02T15:17:36,
bank_000135,008,華南銀行,TW,TWD,2025-08-02T18:03:14,
bank_000136,006,合作金庫,TW,TWD,2026-01-01T07:22:59,
bank_000137,812,台新銀行,TW,TWD,2025-10-24T01:11:54,
bank_000138,006,合作金庫,TW,TWD,2025-08-25T23:38:09,
bank_000139,013,國泰世華,TW,TWD,2025-08-21T15:46:54,
bank_000140,812,台新銀行,GB,TWD,2025-08-19T18:45:52,
bank_000141,812,台新銀行,TW,TWD,2025-09-05T14:33:40,
bank_000142,005,土地銀行,TW,TWD,2025-10-10T15:34:01,
bank_000143,006,合作金庫,TW,TWD,2025-12-21T17:25:56,
bank_000144,008,華南銀行,TW,TWD,2025-12-10T14:16:53,
bank_000145,812,台新銀行,US,TWD,2025-11-20T20:27:28,
bank_000146,013,國泰世華,TW,TWD,2025-10-08T15:27:20,
bank_000147,700,中華郵政,TW,TWD,2025-09-12T15:46:15,
bank_000148,009,彰化銀行,AE,TWD,2025-10-27T13:30:14,
bank_000149,009,彰化銀行,AE,TWD,2025-10-25T23:47:54,
bank_000150,004,臺灣銀行,TW,TWD,2025-11-13T15:56:11,
bank_000151,700,中華郵政,TW,TWD,2025-11-09T10:28:47,
bank_000152,005,土地銀行,TW,TWD,2025-09-22T17:25:08,
bank_000153,006,合作金庫,TW,TWD,2025-12-18T13:47:32,
bank_000154,812,台新銀行,TW,TWD,2025-07-08T22:33:19,
bank_000155,004,臺灣銀行,TW,TWD,2025-12-10T17:53:46,
bank_000156,812,台新銀行,TW,TWD,2025-11-01T13:20:09,
bank_000157,005,土地銀行,TW,TWD,2025-11-10T18:18:20,
bank_000158,013,國泰世華,TW,TWD,2025-10-23T09:28:42,
bank_000159,700,中華郵政,TW,TWD,2025-07-06T12:18:11,
bank_000160,004,臺灣銀行,TW,TWD,2025-11-27T09:39:32,
bank_000161,005,土地銀行,TW,TWD,2026-01-01T17:49:21,
bank_000162,009,彰化銀行,TW,TWD,2025-07-29T11:38:00,
bank_000163,700,中華郵政,TW,TWD,2025-07-10T12:25:08,
bank_000164,004,臺灣銀行,TW,TWD,2025-12-02T22:30:09,
bank_000165,006,合作金庫,TW,TWD,2025-08-19T14:53:19,
bank_000166,004,臺灣銀行,JP,TWD,2025-09-29T15:20:01,
bank_000167,004,臺灣銀行,US,TWD,2025-09-07T16:49:17,
bank_000168,005,土地銀行,TW,TWD,2025-08-10T00:37:17,
bank_000169,006,合作金庫,TW,TWD,2025-08-28T11:58:00,
bank_000170,004,臺灣銀行,TW,TWD,2025-11-12T21:52:42,
bank_000171,006,合作金庫,TW,TWD,2025-08-25T21:43:47,
bank_000172,004,臺灣銀行,TW,TWD,2025-08-27T18:03:01,
bank_000173,013,國泰世華,US,TWD,2025-09-19T17:05:54,
bank_000174,004,臺灣銀行,US,TWD,2025-07-17T09:43:14,
bank_000175,700,中華郵政,JP,TWD,2025-10-23T16:03:06,
bank_000176,005,土地銀行,TW,TWD,2025-11-25T04:44:21,
bank_000177,006,合作金庫,GB,TWD,2025-08-25T01:36:47,
bank_000178,006,合作金庫,TW,TWD,2025-09-09T15:26:05,
bank_000179,013,國泰世華,TW,TWD,2025-07-30T19:52:29,
bank_000180,013,國泰世華,TW,TWD,2025-09-12T20:03:19,
bank_000181,005,土地銀行,TW,TWD,2025-08-12T10:53:16,
bank_000182,005,土地銀行,TW,TWD,2025-08-21T11:07:45,
bank_000183,008,華南銀行,TW,TWD,2025-08-01T21:47:06,
bank_000184,004,臺灣銀行,TW,TWD,2025-07-31T21:56:59,
bank_000185,812,台新銀行,TW,TWD,2025-11-15T21:08:49,
bank_000186,004,臺灣銀行,TW,TWD,2025-08-20T22:00:43,
bank_000187,004,臺灣銀行,TW,TWD,2025-07-08T09:42:55,
bank_000188,013,國泰世華,HK,TWD,2025-12-30T19:05:20,
bank_000189,008,華南銀行,TW,TWD,2025-07-11T07:47:27,
bank_000190,013,國泰世華,TW,TWD,2025-09-01T07:23:58,
bank_000191,700,中華郵政,TW,TWD,2025-08-05T12:35:21,
bank_000192,008,華南銀行,TW,TWD,2025-11-05T18:13:06,
bank_000193,006,合作金庫,TW,TWD,2025-10-26T11:53:19,
bank_000194,008,華南銀行,TW,TWD,2025-09-29T15:58:25,
bank_000195,013,國泰世華,TW,TWD,2025-08-23T23:20:26,
bank_000196,005,土地銀行,SG,TWD,2025-07-24T20:41:56,
bank_000197,700,中華郵政,SG,TWD,2025-08-16T09:10:39,
bank_000198,005,土地銀行,AE,TWD,2025-07-20T11:55:04,
bank_000199,700,中華郵政,TW,TWD,2025-09-04T18:34:14,
bank_000200,004,臺灣銀行,JP,TWD,2025-09-19T04:52:27,
bank_000201,013,國泰世華,TW,TWD,2025-09-19T19:39:02,
bank_000202,008,華南銀行,TW,TWD,2025-10-13T22:27:08,
bank_000203,008,華南銀行,TW,TWD,2025-08-05T09:48:17,
bank_000204,812,台新銀行,TW,TWD,2025-09-30T17:06:37,
bank_000205,013,國泰世華,TW,TWD,2025-07-07T13:13:46,
bank_000206,004,臺灣銀行,TW,TWD,2025-11-14T21:58:37,
bank_000207,009,彰化銀行,TW,TWD,2025-10-14T16:37:49,
bank_000208,013,國泰世華,TW,TWD,2025-10-08T10:10:35,
bank_000209,009,彰化銀行,GB,TWD,2025-09-30T18:37:23,
bank_000210,006,合作金庫,TW,TWD,2025-10-31T11:20:25,
bank_000211,008,華南銀行,TW,TWD,2025-10-18T09:18:45,
bank_000212,009,彰化銀行,TW,TWD,2025-10-22T21:20:54,
bank_000213,004,臺灣銀行,AE,TWD,2025-09-14T19:12:33,
bank_000214,004,臺灣銀行,AE,TWD,2025-07-05T12:32:55,
bank_000215,009,彰化銀行,TW,TWD,2025-09-13T11:25:46,
bank_000216,013,國泰世華,TW,TWD,2025-10-19T14:54:29,
bank_000217,700,中華郵政,TW,TWD,2025-07-10T12:23:26,
bank_000218,008,華南銀行,TW,TWD,2025-11-28T13:43:52,
bank_000219,812,台新銀行,TW,TWD,2025-07-12T12:11:53,
bank_000220,009,彰化銀行,TW,TWD,2025-12-08T14:37:18,
bank_000221,008,華南銀行,TW,TWD,2025-09-26T16:38:44,
bank_000222,005,土地銀行,TW,TWD,2025-11-01T18:26:30,
bank_000223,700,中華郵政,TW,TWD,2025-12-16T12:43:07,
bank_000224,004,臺灣銀行,TW,TWD,2025-11-14T17:54:04,
bank_000225,700,中華郵政,TW,TWD,2025-11-22T09:53:19,
bank_000226,004,臺灣銀行,TW,TWD,2025-11-24T08:53:01,
bank_000227,006,合作金庫,TW,TWD,2025-12-20T19:26:38,
bank_000228,700,中華郵政,TW,TWD,2025-08-12T01:14:27,
bank_000229,812,台新銀行,TW,TWD,2025-11-27T12:12:57,
bank_000230,700,中華郵政,TW,TWD,2025-08-11T23:47:04,
bank_000231,004,臺灣銀行,TW,TWD,2025-09-15T22:04:13,
bank_000232,812,台新銀行,TW,TWD,2025-09-25T10:08:02,
bank_000233,005,土地銀行,TW,TWD,2025-11-03T12:40:59,
bank_000234,700,中華郵政,AE,TWD,2025-07-29T10:31:31,
bank_000235,004,臺灣銀行,AE,TWD,2025-08-31T17:36:48,
bank_000236,005,土地銀行,TW,TWD,2025-12-07T10:40:02,
bank_000237,700,中華郵政,TW,TWD,2025-12-23T15:42:07,
bank_000238,004,臺灣銀行,TW,TWD,2025-07-17T15:15:57,
bank_000239,700,中華郵政,TW,TWD,2025-09-15T23:38:13,
bank_000240,006,合作金庫,TW,TWD,2025-08-25T08:38:29,
bank_000241,700,中華郵政,TW,TWD,2025-07-30T09:35:21,
bank_000242,006,合作金庫,TW,TWD,2025-12-15T18:28:48,
bank_000243,013,國泰世華,TW,TWD,2025-11-06T21:00:13,
bank_000244,008,華南銀行,US,TWD,2025-12-15T09:08:01,
bank_000245,013,國泰世華,TW,TWD,2025-09-16T22:18:44,
bank_000246,009,彰化銀行,TW,TWD,2025-10-27T19:48:26,
bank_000247,005,土地銀行,TW,TWD,2025-10-06T11:04:23,
bank_000248,700,中華郵政,TW,TWD,2025-10-24T02:54:45,
bank_000249,005,土地銀行,TW,TWD,2025-11-23T13:45:38,
bank_000250,006,合作金庫,TW,TWD,2025-12-28T23:30:13,
bank_000251,004,臺灣銀行,TW,TWD,2025-08-21T19:20:15,
bank_000252,009,彰化銀行,TW,TWD,2025-09-18T09:31:42,
bank_000253,013,國泰世華,TW,TWD,2025-07-18T17:02:21,
bank_000254,009,彰化銀行,TW,TWD,2025-08-08T11:46:52,
bank_000255,009,彰化銀行,TW,TWD,2025-12-05T20:38:58,
bank_000256,812,台新銀行,TW,TWD,2025-10-24T19:08:58,
bank_000257,700,中華郵政,TW,TWD,2025-11-15T07:46:12,
bank_000258,700,中華郵政,TW,TWD,2025-09-14T16:59:33,
bank_000259,812,台新銀行,TW,TWD,2025-10-03T08:16:30,
bank_000260,005,土地銀行,TW,TWD,2025-10-28T08:26:12,
bank_000261,009,彰化銀行,TW,TWD,2025-08-13T22:41:26,
bank_000262,812,台新銀行,JP,TWD,2025-09-19T00:36:20,
bank_000263,004,臺灣銀行,TW,TWD,2025-09-01T10:42:29,
bank_000264,700,中華郵政,TW,TWD,2025-07-12T20:46:35,
bank_000265,009,彰化銀行,US,TWD,2025-10-19T15:53:01,
bank_000266,009,彰化銀行,TW,TWD,2025-11-01T04:20:45,
bank_000267,005,土地銀行,TW,TWD,2025-08-13T23:50:34,
bank_000268,700,中華郵政,TW,TWD,2025-12-21T14:58:02,
bank_000269,005,土地銀行,TW,TWD,2025-08-13T02:54:03,
bank_000270,004,臺灣銀行,TW,TWD,2025-09-02T21:46:54,
bank_000271,013,國泰世華,TW,TWD,2026-01-01T23:10:52,
bank_000272,005,土地銀行,TW,TWD,2025-11-13T21:36:35,
bank_000273,008,華南銀行,TW,TWD,2025-09-19T23:30:24,
bank_000274,005,土地銀行,TW,TWD,2025-11-24T21:24:28,
bank_000275,700,中華郵政,TW,TWD,2025-11-06T16:01:06,
bank_000276,006,合作金庫,TW,TWD,2025-12-15T16:28:24,
bank_000277,004,臺灣銀行,TW,TWD,2025-08-29T22:20:00,
bank_000278,005,土地銀行,TW,TWD,2025-08-08T18:18:00,
bank_000279,812,台新銀行,AE,TWD,2025-07-18T15:41:53,
bank_000280,005,土地銀行,TW,TWD,2025-07-29T12:01:25,
bank_000281,004,臺灣銀行,HK,TWD,2025-07-29T04:48:02,
bank_000282,009,彰化銀行,TW,TWD,2025-12-08T17:00:11,
bank_000283,006,合作金庫,TW,TWD,2025-10-11T03:23:52,
bank_000284,700,中華郵政,TW,TWD,2025-08-14T12:55:40,
bank_000285,812,台新銀行,TW,TWD,2025-12-17T21:12:47,
bank_000286,008,華南銀行,TW,TWD,2025-12-20T15:21:32,
bank_000287,004,臺灣銀行,GB,TWD,2025-09-05T08:30:08,
bank_000288,004,臺灣銀行,GB,TWD,2025-07-29T15:27:52,
bank_000289,700,中華郵政,TW,TWD,2025-10-28T00:26:43,
bank_000290,005,土地銀行,TW,TWD,2025-07-13T10:06:10,
bank_000291,009,彰化銀行,TW,TWD,2025-07-27T18:55:27,
bank_000292,013,國泰世華,SG,TWD,2025-08-24T07:44:30,
bank_000293,005,土地銀行,TW,TWD,2025-09-17T08:53:34,
bank_000294,008,華南銀行,TW,TWD,2025-09-27T10:42:11,
bank_000295,004,臺灣銀行,TW,TWD,2025-07-12T15:40:44,
bank_000296,700,中華郵政,TW,TWD,2025-08-27T17:32:18,
bank_000297,009,彰化銀行,TW,TWD,2025-07-15T22:28:49,
bank_000298,009,彰化銀行,SG,TWD,2025-11-02T12:33:12,
bank_000299,004,臺灣銀行,TW,TWD,2025-10-24T16:44:59,
bank_000300,008,華南銀行,TW,TWD,2025-07-10T17:22:31,
bank_000301,004,臺灣銀行,TW,TWD,2025-10-20T14:36:40,
bank_000302,700,中華郵政,TW,TWD,2025-07-08T16:03:24,
bank_000303,700,中華郵政,TW,TWD,2025-09-18T14:49:53,
bank_000304,812,台新銀行,TW,TWD,2025-07-20T17:13:14,
bank_000305,009,彰化銀行,TW,TWD,2025-10-04T12:54:05,
bank_000306,006,合作金庫,TW,TWD,2025-07-16T16:37:03,
bank_000307,008,華南銀行,TW,TWD,2025-07-26T03:29:58,
bank_000308,700,中華郵政,TW,TWD,2025-07-22T08:35:05,
bank_000309,004,臺灣銀行,TW,TWD,2025-07-15T08:29:53,
bank_000310,006,合作金庫,TW,TWD,2025-09-05T18:13:09,
bank_000311,006,合作金庫,TW,TWD,2025-11-06T13:20:22,
bank_000312,013,國泰世華,TW,TWD,2025-12-24T17:24:39,
bank_000313,013,國泰世華,TW,TWD,2025-11-08T21:54:56,
bank_000314,812,台新銀行,TW,TWD,2025-07-08T14:40:14,
bank_000315,013,國泰世華,US,TWD,2025-12-15T22:58:18,
bank_000316,004,臺灣銀行,TW,TWD,2025-09-16T11:03:18,
bank_000317,700,中華郵政,TW,TWD,2025-08-02T10:52:53,
bank_000318,008,華南銀行,TW,TWD,2025-12-21T14:04:30,
bank_000319,008,華南銀行,TW,TWD,2025-09-08T16:23:51,
bank_000320,004,臺灣銀行,HK,TWD,2025-07-07T11:09:04,
bank_000321,009,彰化銀行,TW,TWD,2025-09-11T09:09:10,
bank_000322,013,國泰世華,TW,TWD,2025-08-24T22:12:44,
bank_000323,008,華南銀行,TW,TWD,2025-08-30T15:32:45,
bank_000324,006,合作金庫,TW,TWD,2025-07-10T16:03:05,
bank_000325,004,臺灣銀行,TW,TWD,2025-07-14T15:52:38,
bank_000326,013,國泰世華,TW,TWD,2025-11-28T14:57:44,
bank_000327,700,中華郵政,TW,TWD,2025-12-07T14:46:55,
bank_000328,700,中華郵政,TW,TWD,2025-11-06T16:55:06,
bank_000329,008,華南銀行,TW,TWD,2025-11-24T16:34:01,
bank_000330,013,國泰世華,TW,TWD,2025-07-16T08:16:17,
bank_000331,812,台新銀行,TW,TWD,2025-10-02T11:40:14,
bank_000332,700,中華郵政,TW,TWD,2025-08-17T18:50:31,
bank_000333,006,合作金庫,TW,TWD,2025-10-11T14:08:16,
bank_000334,009,彰化銀行,TW,TWD,2025-11-11T13:35:47,
bank_000335,700,中華郵政,TW,TWD,2025-12-13T10:53:31,
bank_000336,009,彰化銀行,TW,TWD,2025-09-24T20:46:02,
bank_000337,006,合作金庫,TW,TWD,2025-09-28T13:07:22,
bank_000338,004,臺灣銀行,TW,TWD,2025-09-19T00:42:11,
bank_000339,004,臺灣銀行,TW,TWD,2025-11-16T12:33:12,
bank_000340,812,台新銀行,TW,TWD,2025-10-08T01:48:27,
bank_000341,004,臺灣銀行,TW,TWD,2025-11-13T11:32:50,
bank_000342,004,臺灣銀行,TW,TWD,2025-09-21T17:59:05,
bank_000343,013,國泰世華,TW,TWD,2025-12-07T21:19:23,
bank_000344,013,國泰世華,HK,TWD,2025-08-31T18:56:02,
bank_000345,812,台新銀行,HK,TWD,2025-11-05T07:20:01,
bank_000346,812,台新銀行,TW,TWD,2025-11-06T09:22:54,
bank_000347,004,臺灣銀行,TW,TWD,2025-09-03T11:17:00,
bank_000348,812,台新銀行,TW,TWD,2025-12-25T16:04:34,
bank_000349,005,土地銀行,TW,TWD,2025-12-18T03:15:47,
bank_000350,009,彰化銀行,TW,TWD,2025-12-17T14:11:02,
bank_000351,005,土地銀行,TW,TWD,2025-09-03T16:43:51,
bank_000352,006,合作金庫,TW,TWD,2025-08-29T23:48:18,
bank_000353,700,中華郵政,TW,TWD,2025-10-10T10:13:46,
bank_000354,004,臺灣銀行,TW,TWD,2025-10-11T12:17:04,
bank_000355,006,合作金庫,TW,TWD,2025-08-01T11:17:34,
bank_000356,700,中華郵政,TW,TWD,2025-07-31T13:38:26,
bank_000357,004,臺灣銀行,TW,TWD,2025-09-05T12:38:22,
bank_000358,700,中華郵政,TW,TWD,2025-07-14T10:14:36,
bank_000359,008,華南銀行,TW,TWD,2025-09-27T17:59:05,
bank_000360,008,華南銀行,TW,TWD,2025-08-29T03:12:59,
bank_000361,009,彰化銀行,TW,TWD,2025-08-13T23:01:10,
bank_000362,005,土地銀行,TW,TWD,2025-07-11T13:24:20,
bank_000363,006,合作金庫,TW,TWD,2025-07-14T12:15:30,
bank_000364,700,中華郵政,TW,TWD,2025-10-21T22:47:12,
bank_000365,013,國泰世華,TW,TWD,2025-12-07T14:53:40,
bank_000366,700,中華郵政,TW,TWD,2025-09-15T13:38:06,
bank_000367,005,土地銀行,TW,TWD,2025-07-25T08:51:33,
bank_000368,005,土地銀行,TW,TWD,2025-09-29T17:22:26,
bank_000369,004,臺灣銀行,TW,TWD,2025-12-17T14:26:54,
bank_000370,009,彰化銀行,TW,TWD,2025-07-16T09:57:11,
bank_000371,005,土地銀行,TW,TWD,2025-07-10T19:28:35,
bank_000372,008,華南銀行,TW,TWD,2025-07-05T23:58:32,
bank_000373,812,台新銀行,TW,TWD,2025-09-20T13:29:29,
bank_000374,700,中華郵政,TW,TWD,2025-09-05T03:34:20,
bank_000375,013,國泰世華,TW,TWD,2025-09-05T17:21:41,
bank_000376,008,華南銀行,TW,TWD,2025-12-25T10:27:02,
bank_000377,004,臺灣銀行,TW,TWD,2025-09-09T17:36:47,
bank_000378,700,中華郵政,TW,TWD,2025-11-22T23:39:01,
bank_000379,700,中華郵政,US,TWD,2025-10-18T17:55:31,
bank_000380,004,臺灣銀行,TW,TWD,2025-11-29T16:56:43,
bank_000381,013,國泰世華,TW,TWD,2025-11-14T18:24:29,
bank_000382,008,華南銀行,TW,TWD,2025-07-18T23:59:06,
bank_000383,700,中華郵政,TW,TWD,2025-10-05T13:42:49,
bank_000384,006,合作金庫,TW,TWD,2025-08-14T19:51:47,
bank_000385,006,合作金庫,GB,TWD,2025-08-11T10:58:54,
bank_000386,004,臺灣銀行,TW,TWD,2025-09-08T23:32:46,
bank_000387,812,台新銀行,TW,TWD,2025-12-02T17:28:57,
bank_000388,004,臺灣銀行,TW,TWD,2025-08-27T17:46:46,
bank_000389,013,國泰世華,TW,TWD,2025-08-30T10:31:00,
bank_000390,700,中華郵政,TW,TWD,2025-12-12T17:26:53,
bank_000391,700,中華郵政,TW,TWD,2025-12-15T11:39:25,
bank_000392,013,國泰世華,TW,TWD,2025-08-31T14:22:50,
bank_000393,700,中華郵政,TW,TWD,2025-09-22T22:25:28,
bank_000394,812,台新銀行,TW,TWD,2025-10-10T11:36:40,
bank_000395,004,臺灣銀行,TW,TWD,2025-07-26T22:02:17,
bank_000396,005,土地銀行,TW,TWD,2025-08-01T12:45:33,
bank_000397,006,合作金庫,TW,TWD,2025-11-10T11:10:05,
bank_000398,013,國泰世華,TW,TWD,2025-08-26T21:58:17,
bank_000399,008,華南銀行,TW,TWD,2025-11-14T20:42:36,
bank_000400,812,台新銀行,SG,TWD,2025-08-05T00:07:07,
bank_000401,006,合作金庫,TW,TWD,2025-11-17T20:40:40,
bank_000402,008,華南銀行,TW,TWD,2025-12-19T23:19:28,
bank_000403,700,中華郵政,TW,TWD,2025-07-30T10:22:39,
bank_000404,812,台新銀行,TW,TWD,2025-07-14T03:36:50,
bank_000405,005,土地銀行,TW,TWD,2025-08-23T11:17:12,
bank_000406,812,台新銀行,TW,TWD,2025-12-14T15:14:27,
bank_000407,006,合作金庫,TW,TWD,2025-09-30T16:26:15,
bank_000408,006,合作金庫,TW,TWD,2025-10-08T20:17:18,
bank_000409,008,華南銀行,AE,TWD,2025-08-24T13:03:57,
bank_000410,008,華南銀行,TW,TWD,2025-12-07T21:50:58,
bank_000411,004,臺灣銀行,TW,TWD,2025-08-09T10:36:47,
bank_000412,008,華南銀行,TW,TWD,2025-08-22T09:23:32,
bank_000413,812,台新銀行,TW,TWD,2025-10-16T17:42:27,
bank_000414,004,臺灣銀行,TW,TWD,2025-09-20T15:54:02,
bank_000415,700,中華郵政,TW,TWD,2025-09-30T15:36:50,
bank_000416,700,中華郵政,TW,TWD,2025-08-10T14:29:37,
bank_000417,005,土地銀行,TW,TWD,2025-07-19T01:22:07,
bank_000418,008,華南銀行,TW,TWD,2025-12-26T21:39:22,
bank_000419,013,國泰世華,TW,TWD,2025-07-12T17:27:35,
bank_000420,004,臺灣銀行,TW,TWD,2025-12-25T12:46:37,
bank_000421,005,土地銀行,HK,TWD,2025-11-03T22:25:19,
bank_000422,700,中華郵政,TW,TWD,2025-09-13T15:08:42,
bank_000423,013,國泰世華,TW,TWD,2025-11-11T01:57:15,
bank_000424,004,臺灣銀行,TW,TWD,2025-12-10T07:36:08,
bank_000425,009,彰化銀行,TW,TWD,2025-08-20T17:29:52,
bank_000426,013,國泰世華,TW,TWD,2025-12-05T08:44:04,
bank_000427,008,華南銀行,TW,TWD,2025-09-12T23:01:41,
bank_000428,004,臺灣銀行,TW,TWD,2025-12-04T23:17:59,
bank_000429,006,合作金庫,TW,TWD,2025-11-01T16:07:48,
bank_000430,013,國泰世華,TW,TWD,2025-12-09T14:58:44,
bank_000431,009,彰化銀行,TW,TWD,2025-09-20T10:15:53,
bank_000432,005,土地銀行,TW,TWD,2025-08-30T14:14:17,
bank_000433,004,臺灣銀行,TW,TWD,2025-08-20T03:19:06,
bank_000434,005,土地銀行,TW,TWD,2025-07-25T12:23:52,
bank_000435,700,中華郵政,TW,TWD,2025-08-08T18:42:42,
bank_000436,700,中華郵政,TW,TWD,2025-11-12T15:46:22,
bank_000437,700,中華郵政,TW,TWD,2025-12-04T09:40:02,
bank_000438,008,華南銀行,TW,TWD,2025-07-17T22:28:56,
bank_000439,013,國泰世華,TW,TWD,2025-07-31T13:18:38,
bank_000440,008,華南銀行,GB,TWD,2025-09-04T23:30:30,
bank_000441,812,台新銀行,GB,TWD,2025-12-28T11:37:50,
bank_000442,812,台新銀行,TW,TWD,2025-09-03T14:08:19,
bank_000443,004,臺灣銀行,TW,TWD,2025-07-06T08:02:08,
bank_000444,700,中華郵政,TW,TWD,2025-08-23T13:08:30,
bank_000445,700,中華郵政,TW,TWD,2025-07-06T11:16:29,
bank_000446,005,土地銀行,TW,TWD,2025-08-02T04:40:06,
bank_000447,812,台新銀行,HK,TWD,2025-07-05T12:15:38,
bank_000448,009,彰化銀行,TW,TWD,2025-11-25T16:40:37,
bank_000449,006,合作金庫,TW,TWD,2025-07-28T13:05:51,
bank_000450,009,彰化銀行,TW,TWD,2025-09-01T16:42:33,
bank_000451,812,台新銀行,TW,TWD,2025-09-03T10:13:36,
bank_000452,008,華南銀行,TW,TWD,2025-09-24T12:07:56,
bank_000453,006,合作金庫,AE,TWD,2025-11-03T18:46:34,
bank_000454,009,彰化銀行,TW,TWD,2025-12-11T11:08:05,
bank_000455,006,合作金庫,TW,TWD,2025-08-09T08:48:05,
bank_000456,009,彰化銀行,TW,TWD,2025-09-06T23:40:27,
bank_000457,005,土地銀行,TW,TWD,2025-07-24T12:14:02,
bank_000458,004,臺灣銀行,TW,TWD,2025-09-25T14:05:53,
bank_000459,812,台新銀行,TW,TWD,2025-11-01T23:29:58,
bank_000460,700,中華郵政,TW,TWD,2025-09-06T08:36:10,
bank_000461,700,中華郵政,GB,TWD,2025-08-27T13:04:10,
bank_000462,008,華南銀行,TW,TWD,2025-07-05T19:42:17,
bank_000463,009,彰化銀行,SG,TWD,2025-09-17T20:35:01,
bank_000464,006,合作金庫,TW,TWD,2025-12-21T22:59:03,
bank_000465,812,台新銀行,TW,TWD,2025-12-14T13:58:17,
bank_000466,005,土地銀行,TW,TWD,2025-09-22T19:11:38,
bank_000467,700,中華郵政,TW,TWD,2025-07-20T08:17:29,
bank_000468,812,台新銀行,TW,TWD,2025-11-20T23:22:56,
bank_000469,009,彰化銀行,TW,TWD,2025-09-13T16:57:41,
bank_000470,700,中華郵政,TW,TWD,2025-10-06T13:28:32,
bank_000471,008,華南銀行,TW,TWD,2025-10-12T12:12:12,
bank_000472,008,華南銀行,TW,TWD,2025-10-17T15:21:08,
bank_000473,700,中華郵政,TW,TWD,2025-08-03T11:12:26,
bank_000474,700,中華郵政,TW,TWD,2025-07-14T08:44:47,
bank_000475,700,中華郵政,TW,TWD,2025-12-18T11:00:54,
bank_000476,700,中華郵政,TW,TWD,2025-10-06T13:08:47,
bank_000477,006,合作金庫,TW,TWD,2025-11-13T19:57:25,
bank_000478,700,中華郵政,TW,TWD,2025-09-08T07:00:21,
bank_000479,004,臺灣銀行,TW,TWD,2025-12-31T07:44:32,
bank_000480,013,國泰世華,TW,TWD,2025-08-17T10:41:06,
bank_000481,013,國泰世華,US,TWD,2025-07-12T18:23:03,
bank_000482,006,合作金庫,US,TWD,2025-12-27T23:14:45,
bank_000483,004,臺灣銀行,TW,TWD,2025-12-26T18:57:57,
bank_000484,700,中華郵政,TW,TWD,2025-08-17T11:43:22,
bank_000485,013,國泰世華,TW,TWD,2025-12-04T12:04:15,
bank_000486,006,合作金庫,TW,TWD,2025-11-29T14:58:50,
bank_000487,004,臺灣銀行,TW,TWD,2025-09-12T12:39:53,
bank_000488,812,台新銀行,TW,TWD,2025-12-02T04:29:30,
bank_000489,700,中華郵政,TW,TWD,2025-08-04T18:23:26,
bank_000490,008,華南銀行,TW,TWD,2025-07-20T03:01:42,
bank_000491,013,國泰世華,TW,TWD,2025-10-20T11:51:51,
bank_000492,004,臺灣銀行,TW,TWD,2025-09-23T22:17:24,
bank_000493,009,彰化銀行,TW,TWD,2025-08-18T12:44:53,
bank_000494,700,中華郵政,TW,TWD,2025-08-08T15:44:42,
bank_000495,700,中華郵政,TW,TWD,2025-08-18T16:08:54,
bank_000496,004,臺灣銀行,TW,TWD,2025-09-08T13:33:22,
bank_000497,812,台新銀行,TW,TWD,2025-12-18T07:06:26,
bank_000498,013,國泰世華,TW,TWD,2025-12-01T17:55:18,
bank_000499,009,彰化銀行,TW,TWD,2025-08-14T11:31:26,
bank_000500,812,台新銀行,TW,TWD,2025-07-23T03:23:38,
bank_000501,013,國泰世華,TW,TWD,2025-08-15T19:47:54,
bank_000502,004,臺灣銀行,TW,TWD,2025-10-29T22:41:32,
bank_000503,006,合作金庫,TW,TWD,2025-09-19T01:52:46,
bank_000504,004,臺灣銀行,TW,TWD,2026-01-01T23:59:00,
bank_000505,009,彰化銀行,TW,TWD,2025-12-03T22:02:10,
bank_000506,005,土地銀行,TW,TWD,2025-11-30T14:19:51,
bank_000507,008,華南銀行,TW,TWD,2025-12-28T15:05:39,
bank_000508,812,台新銀行,TW,TWD,2025-12-16T11:05:41,
bank_000509,812,台新銀行,TW,TWD,2025-07-12T04:39:24,
bank_000510,004,臺灣銀行,US,TWD,2025-11-25T12:11:13,
bank_000511,013,國泰世華,TW,TWD,2025-11-22T02:22:20,
bank_000512,812,台新銀行,TW,TWD,2025-10-06T14:26:57,
bank_000513,009,彰化銀行,TW,TWD,2025-07-30T14:49:05,
bank_000514,004,臺灣銀行,US,TWD,2025-09-28T16:40:17,
bank_000515,700,中華郵政,US,TWD,2025-11-10T03:32:48,
bank_000516,812,台新銀行,TW,TWD,2025-07-10T04:12:16,
bank_000517,700,中華郵政,TW,TWD,2025-12-26T20:02:34,
bank_000518,700,中華郵政,TW,TWD,2025-08-07T12:32:00,
bank_000519,008,華南銀行,US,TWD,2025-07-15T22:19:35,
bank_000520,009,彰化銀行,TW,TWD,2025-09-08T16:05:06,
bank_000521,812,台新銀行,TW,TWD,2025-10-05T19:46:49,
bank_000522,700,中華郵政,TW,TWD,2025-10-18T19:34:27,
bank_000523,013,國泰世華,TW,TWD,2025-10-30T09:25:48,
bank_000524,013,國泰世華,TW,TWD,2025-07-20T20:43:55,
bank_000525,006,合作金庫,TW,TWD,2025-10-22T13:43:17,
bank_000526,009,彰化銀行,TW,TWD,2025-10-01T09:28:14,
bank_000527,006,合作金庫,TW,TWD,2025-11-18T03:10:49,
bank_000528,008,華南銀行,TW,TWD,2025-11-09T19:21:48,
bank_000529,013,國泰世華,TW,TWD,2025-12-27T21:26:36,
bank_000530,013,國泰世華,TW,TWD,2025-12-09T16:08:33,
bank_000531,008,華南銀行,TW,TWD,2025-12-06T15:29:58,
bank_000532,812,台新銀行,TW,TWD,2025-10-19T17:19:53,
bank_000533,013,國泰世華,TW,TWD,2025-08-24T07:32:31,
bank_000534,812,台新銀行,TW,TWD,2025-08-27T01:26:19,
bank_000535,008,華南銀行,TW,TWD,2025-12-22T13:39:23,
bank_000536,812,台新銀行,TW,TWD,2025-11-22T23:49:50,
bank_000537,004,臺灣銀行,TW,TWD,2025-11-12T23:37:53,
bank_000538,006,合作金庫,TW,TWD,2025-09-10T02:49:55,
bank_000539,009,彰化銀行,TW,TWD,2025-10-30T15:07:42,
bank_000540,812,台新銀行,TW,TWD,2025-08-23T18:06:56,
bank_000541,008,華南銀行,TW,TWD,2025-11-29T14:05:32,
bank_000542,812,台新銀行,GB,TWD,2025-11-08T15:22:24,
bank_000543,005,土地銀行,TW,TWD,2025-11-20T07:42:46,
bank_000544,004,臺灣銀行,TW,TWD,2025-10-01T07:09:48,
bank_000545,013,國泰世華,SG,TWD,2025-07-12T18:37:43,
bank_000546,700,中華郵政,TW,TWD,2025-08-19T12:43:48,
bank_000547,700,中華郵政,TW,TWD,2025-11-05T11:25:23,
bank_000548,009,彰化銀行,TW,TWD,2025-07-16T09:52:59,
bank_000549,005,土地銀行,TW,TWD,2025-08-11T22:17:58,
bank_000550,009,彰化銀行,TW,TWD,2025-12-30T11:17:55,
bank_000551,812,台新銀行,TW,TWD,2025-11-13T16:58:51,
bank_000552,009,彰化銀行,TW,TWD,2025-08-15T02:29:33,
bank_000553,005,土地銀行,TW,TWD,2025-11-01T04:48:11,
bank_000554,005,土地銀行,TW,TWD,2025-07-08T18:17:59,
bank_000555,700,中華郵政,TW,TWD,2025-09-21T14:19:17,
bank_000556,812,台新銀行,TW,TWD,2025-07-29T23:54:23,
bank_000557,006,合作金庫,TW,TWD,2025-11-07T22:55:02,
bank_000558,700,中華郵政,TW,TWD,2025-07-08T10:24:45,
bank_000559,006,合作金庫,TW,TWD,2025-12-27T12:07:37,
bank_000560,009,彰化銀行,TW,TWD,2025-11-21T12:06:11,
bank_000561,009,彰化銀行,TW,TWD,2025-11-30T22:05:07,
bank_000562,013,國泰世華,TW,TWD,2025-11-23T23:23:36,
bank_000563,008,華南銀行,TW,TWD,2025-07-31T17:26:12,
bank_000564,004,臺灣銀行,TW,TWD,2025-07-13T07:14:39,
bank_000565,008,華南銀行,TW,TWD,2025-10-12T11:37:43,
bank_000566,013,國泰世華,TW,TWD,2025-09-21T18:53:29,
bank_000567,013,國泰世華,TW,TWD,2025-10-03T23:15:17,
bank_000568,006,合作金庫,TW,TWD,2025-09-07T09:15:28,
bank_000569,009,彰化銀行,TW,TWD,2025-12-25T22:39:25,
bank_000570,004,臺灣銀行,TW,TWD,2025-12-30T18:30:14,
bank_000571,700,中華郵政,TW,TWD,2025-07-14T17:54:08,
bank_000572,812,台新銀行,TW,TWD,2025-09-10T08:50:03,
bank_000573,700,中華郵政,TW,TWD,2025-07-13T14:01:46,
bank_000574,812,台新銀行,TW,TWD,2025-07-20T16:54:58,
bank_000575,004,臺灣銀行,TW,TWD,2025-10-29T17:34:43,
bank_000576,700,中華郵政,TW,TWD,2025-09-08T11:27:31,
bank_000577,700,中華郵政,TW,TWD,2025-10-10T11:38:52,
bank_000578,013,國泰世華,TW,TWD,2025-09-10T01:01:28,
bank_000579,006,合作金庫,TW,TWD,2025-07-19T17:07:50,
bank_000580,008,華南銀行,TW,TWD,2025-11-13T21:59:17,
bank_000581,013,國泰世華,TW,TWD,2025-08-21T20:41:29,
bank_000582,700,中華郵政,TW,TWD,2025-12-04T02:50:22,
bank_000583,013,國泰世華,TW,TWD,2025-11-12T17:03:32,
bank_000584,009,彰化銀行,TW,TWD,2025-09-27T22:18:35,
bank_000585,013,國泰世華,TW,TWD,2025-08-02T19:17:06,
bank_000586,004,臺灣銀行,TW,TWD,2025-09-18T14:05:23,
bank_000587,008,華南銀行,TW,TWD,2025-12-27T19:45:13,
bank_000588,008,華南銀行,TW,TWD,2025-09-19T11:11:18,
bank_000589,812,台新銀行,TW,TWD,2025-09-14T10:19:17,
bank_000590,009,彰化銀行,TW,TWD,2025-07-07T03:50:50,
bank_000591,700,中華郵政,TW,TWD,2025-09-11T22:24:24,
bank_000592,005,土地銀行,TW,TWD,2025-08-26T14:58:19,
bank_000593,004,臺灣銀行,TW,TWD,2025-09-10T20:37:24,
bank_000594,006,合作金庫,TW,TWD,2025-07-15T08:05:43,
bank_000595,005,土地銀行,TW,TWD,2025-10-07T08:20:05,
bank_000596,005,土地銀行,TW,TWD,2025-11-07T09:09:08,
bank_000597,009,彰化銀行,TW,TWD,2025-11-30T21:23:39,
bank_000598,812,台新銀行,TW,TWD,2025-09-16T12:52:29,
bank_000599,006,合作金庫,TW,TWD,2025-07-16T11:39:08,
bank_000600,812,台新銀行,TW,TWD,2025-07-19T09:07:00,
bank_000601,700,中華郵政,TW,TWD,2025-11-22T14:37:00,
bank_000602,009,彰化銀行,TW,TWD,2025-10-18T20:40:59,
bank_000603,013,國泰世華,TW,TWD,2025-12-31T14:44:55,
bank_000604,812,台新銀行,TW,TWD,2025-09-03T04:15:01,
bank_000605,006,合作金庫,TW,TWD,2025-10-18T08:59:53,
bank_000606,005,土地銀行,TW,TWD,2025-08-05T15:55:55,
bank_000607,013,國泰世華,AE,TWD,2025-10-22T17:47:38,
bank_000608,006,合作金庫,TW,TWD,2025-08-02T14:16:32,
bank_000609,005,土地銀行,TW,TWD,2025-09-05T21:35:13,
bank_000610,005,土地銀行,TW,TWD,2025-10-30T11:58:08,
bank_000611,008,華南銀行,TW,TWD,2025-10-02T16:04:04,
bank_000612,005,土地銀行,TW,TWD,2025-07-20T18:01:19,
bank_000613,009,彰化銀行,TW,TWD,2025-12-11T13:53:37,
bank_000614,008,華南銀行,TW,TWD,2025-09-19T14:03:41,
bank_000615,006,合作金庫,TW,TWD,2025-10-11T17:21:58,
bank_000616,013,國泰世華,TW,TWD,2025-08-01T13:08:04,
bank_000617,006,合作金庫,TW,TWD,2025-07-05T19:18:40,
bank_000618,013,國泰世華,TW,TWD,2025-11-23T07:42:23,
bank_000619,013,國泰世華,TW,TWD,2025-08-19T20:37:11,
bank_000620,700,中華郵政,TW,TWD,2025-10-16T13:34:04,
bank_000621,005,土地銀行,TW,TWD,2025-09-06T21:56:42,
bank_000622,009,彰化銀行,TW,TWD,2025-07-08T19:56:46,
bank_000623,700,中華郵政,TW,TWD,2026-01-01T23:59:00,
bank_000624,006,合作金庫,TW,TWD,2025-07-24T09:11:50,
bank_000625,005,土地銀行,TW,TWD,2025-11-23T08:58:24,
bank_000626,008,華南銀行,TW,TWD,2025-09-24T16:29:46,
bank_000627,008,華南銀行,TW,TWD,2026-01-01T23:59:00,
bank_000628,006,合作金庫,TW,TWD,2025-08-10T12:26:55,
bank_000629,008,華南銀行,TW,TWD,2025-11-09T19:04:05,
bank_000630,004,臺灣銀行,TW,TWD,2025-11-18T12:15:03,
bank_000631,008,華南銀行,TW,TWD,2025-08-26T12:06:02,
bank_000632,004,臺灣銀行,TW,TWD,2025-09-18T18:04:00,
bank_000633,013,國泰世華,TW,TWD,2025-10-06T16:29:36,
bank_000634,812,台新銀行,TW,TWD,2025-12-20T08:38:34,
bank_000635,812,台新銀行,TW,TWD,2025-12-16T12:02:17,
bank_000636,005,土地銀行,TW,TWD,2025-10-02T20:32:21,
bank_000637,013,國泰世華,TW,TWD,2025-09-04T23:08:02,
bank_000638,700,中華郵政,TW,TWD,2025-10-29T15:55:33,
bank_000639,700,中華郵政,TW,TWD,2025-11-02T07:07:32,
bank_000640,700,中華郵政,TW,TWD,2025-11-28T10:01:18,
bank_000641,700,中華郵政,TW,TWD,2025-09-16T12:05:52,
bank_000642,009,彰化銀行,TW,TWD,2025-09-10T10:50:59,
bank_000643,013,國泰世華,TW,TWD,2025-08-25T16:08:20,
bank_000644,812,台新銀行,TW,TWD,2025-09-23T10:45:42,
bank_000645,013,國泰世華,TW,TWD,2025-09-09T20:58:08,
bank_000646,013,國泰世華,TW,TWD,2025-08-27T15:14:50,
bank_000647,013,國泰世華,TW,TWD,2025-07-20T12:47:43,
bank_000648,009,彰化銀行,TW,TWD,2025-09-11T03:35:36,
bank_000649,009,彰化銀行,TW,TWD,2025-10-12T13:06:05,
bank_000650,005,土地銀行,TW,TWD,2025-07-09T12:45:55,
bank_000651,812,台新銀行,TW,TWD,2025-12-18T16:21:37,
bank_000652,700,中華郵政,TW,TWD,2025-09-30T14:04:23,
bank_000653,009,彰化銀行,TW,TWD,2025-10-01T09:36:26,
bank_000654,013,國泰世華,TW,TWD,2025-12-10T22:33:46,
bank_000655,009,彰化銀行,TW,TWD,2025-12-10T21:11:57,
bank_000656,008,華南銀行,TW,TWD,2025-11-28T18:27:50,
bank_000657,700,中華郵政,TW,TWD,2025-11-26T17:55:59,
bank_000658,009,彰化銀行,TW,TWD,2025-10-25T07:30:40,
bank_000659,008,華南銀行,TW,TWD,2025-07-06T09:29:42,
bank_000660,008,華南銀行,TW,TWD,2025-12-15T16:12:08,
bank_000661,009,彰化銀行,TW,TWD,2025-12-09T22:54:28,
bank_000662,700,中華郵政,HK,TWD,2025-09-04T16:29:27,
bank_000663,812,台新銀行,HK,TWD,2025-09-20T23:20:16,
bank_000664,006,合作金庫,TW,TWD,2025-12-21T20:45:17,
bank_000665,812,台新銀行,TW,TWD,2025-10-15T03:46:27,
bank_000666,004,臺灣銀行,TW,TWD,2025-11-25T11:32:42,
bank_000667,008,華南銀行,TW,TWD,2025-11-27T19:15:52,
bank_000668,700,中華郵政,TW,TWD,2025-12-10T12:42:13,
bank_000669,700,中華郵政,TW,TWD,2025-12-22T14:41:34,
bank_000670,812,台新銀行,TW,TWD,2025-08-14T08:07:49,
bank_000671,009,彰化銀行,TW,TWD,2025-10-03T21:10:52,
bank_000672,009,彰化銀行,TW,TWD,2025-07-21T19:03:09,
bank_000673,004,臺灣銀行,TW,TWD,2025-11-06T11:48:47,
bank_000674,009,彰化銀行,AE,TWD,2025-10-25T14:08:28,
bank_000675,008,華南銀行,TW,TWD,2025-12-14T11:27:10,
bank_000676,812,台新銀行,TW,TWD,2025-12-22T20:51:11,
bank_000677,008,華南銀行,TW,TWD,2025-09-24T07:54:40,
bank_000678,013,國泰世華,TW,TWD,2025-12-23T11:38:58,
bank_000679,005,土地銀行,TW,TWD,2025-09-28T14:47:12,
bank_000680,013,國泰世華,TW,TWD,2025-07-22T22:23:06,
bank_000681,700,中華郵政,TW,TWD,2025-10-18T07:18:09,
bank_000682,812,台新銀行,TW,TWD,2025-07-16T12:50:31,
bank_000683,009,彰化銀行,TW,TWD,2025-08-27T15:10:56,
bank_000684,013,國泰世華,TW,TWD,2025-09-28T13:50:40,
bank_000685,700,中華郵政,TW,TWD,2025-07-27T14:55:32,
bank_000686,812,台新銀行,TW,TWD,2025-12-09T02:16:38,
bank_000687,004,臺灣銀行,TW,TWD,2025-07-28T19:10:59,
bank_000688,013,國泰世華,TW,TWD,2025-08-20T08:15:37,
bank_000689,004,臺灣銀行,HK,TWD,2025-12-28T07:29:24,
bank_000690,009,彰化銀行,GB,TWD,2025-07-18T08:42:46,
bank_000691,005,土地銀行,TW,TWD,2025-10-24T13:46:18,
bank_000692,004,臺灣銀行,TW,TWD,2025-10-05T18:38:33,
bank_000693,812,台新銀行,TW,TWD,2025-12-16T14:15:59,
bank_000694,008,華南銀行,TW,TWD,2025-08-07T07:05:48,
bank_000695,812,台新銀行,TW,TWD,2025-11-27T15:35:25,
bank_000696,700,中華郵政,TW,TWD,2025-07-23T13:08:17,
bank_000697,006,合作金庫,TW,TWD,2025-09-25T23:09:03,
bank_000698,700,中華郵政,TW,TWD,2025-08-24T22:19:49,
bank_000699,700,中華郵政,TW,TWD,2025-12-28T16:21:11,
bank_000700,700,中華郵政,TW,TWD,2025-08-20T19:23:29,
bank_000701,812,台新銀行,TW,TWD,2025-12-16T13:42:24,
bank_000702,812,台新銀行,TW,TWD,2025-08-26T16:58:39,
bank_000703,005,土地銀行,TW,TWD,2025-07-11T18:08:16,
bank_000704,700,中華郵政,TW,TWD,2025-08-17T16:03:52,
bank_000705,005,土地銀行,TW,TWD,2025-10-19T09:48:03,
bank_000706,700,中華郵政,TW,TWD,2025-11-12T01:07:59,
bank_000707,009,彰化銀行,TW,TWD,2025-10-29T03:44:27,
bank_000708,006,合作金庫,TW,TWD,2025-12-03T13:20:31,
bank_000709,700,中華郵政,TW,TWD,2025-07-09T20:54:05,
bank_000710,013,國泰世華,GB,TWD,2025-10-30T21:56:55,
bank_000711,013,國泰世華,GB,TWD,2025-08-13T12:10:21,
bank_000712,004,臺灣銀行,TW,TWD,2025-08-10T08:42:33,
bank_000713,009,彰化銀行,JP,TWD,2025-10-19T08:46:27,
bank_000714,700,中華郵政,TW,TWD,2025-07-17T01:53:47,
bank_000715,009,彰化銀行,TW,TWD,2025-09-15T09:15:26,
bank_000716,812,台新銀行,TW,TWD,2025-10-09T13:19:21,
bank_000717,005,土地銀行,TW,TWD,2025-08-26T16:04:19,
bank_000718,004,臺灣銀行,TW,TWD,2025-10-31T10:16:01,
bank_000719,008,華南銀行,TW,TWD,2025-10-29T11:10:23,
bank_000720,005,土地銀行,TW,TWD,2025-12-03T23:37:19,
bank_000721,013,國泰世華,US,TWD,2025-07-16T22:44:01,
bank_000722,812,台新銀行,US,TWD,2025-11-05T18:53:40,
bank_000723,006,合作金庫,TW,TWD,2025-11-25T21:43:57,
bank_000724,009,彰化銀行,TW,TWD,2025-10-08T04:09:23,
bank_000725,005,土地銀行,TW,TWD,2025-08-08T14:37:58,
bank_000726,005,土地銀行,TW,TWD,2025-11-28T21:15:29,
bank_000727,005,土地銀行,TW,TWD,2025-11-25T16:42:55,
bank_000728,006,合作金庫,TW,TWD,2025-11-10T21:31:50,
bank_000729,700,中華郵政,TW,TWD,2025-10-11T14:41:46,
bank_000730,009,彰化銀行,TW,TWD,2025-09-30T10:44:21,
bank_000731,004,臺灣銀行,TW,TWD,2025-08-07T15:54:16,
bank_000732,009,彰化銀行,TW,TWD,2025-09-24T17:51:26,
bank_000733,700,中華郵政,TW,TWD,2025-09-30T11:49:47,
bank_000734,008,華南銀行,TW,TWD,2025-11-22T00:04:10,
bank_000735,009,彰化銀行,TW,TWD,2025-12-04T09:17:27,
bank_000736,004,臺灣銀行,TW,TWD,2025-10-03T15:27:34,
bank_000737,009,彰化銀行,TW,TWD,2025-11-09T17:25:48,
bank_000738,004,臺灣銀行,TW,TWD,2025-08-24T22:19:55,
bank_000739,009,彰化銀行,TW,TWD,2025-07-21T20:36:28,
bank_000740,009,彰化銀行,TW,TWD,2025-12-23T19:01:33,
bank_000741,008,華南銀行,TW,TWD,2025-12-14T16:52:28,
bank_000742,812,台新銀行,TW,TWD,2025-09-12T08:15:43,
bank_000743,812,台新銀行,TW,TWD,2025-10-04T20:28:46,
bank_000744,008,華南銀行,TW,TWD,2025-07-22T19:16:27,
bank_000745,006,合作金庫,SG,TWD,2025-10-16T15:00:52,
bank_000746,009,彰化銀行,TW,TWD,2025-07-28T23:11:59,
bank_000747,700,中華郵政,TW,TWD,2025-08-21T16:37:16,
bank_000748,812,台新銀行,TW,TWD,2025-11-30T22:24:23,
bank_000749,008,華南銀行,TW,TWD,2025-09-05T09:24:02,
bank_000750,009,彰化銀行,TW,TWD,2025-07-05T13:29:39,
bank_000751,005,土地銀行,TW,TWD,2025-12-14T09:33:27,
bank_000752,006,合作金庫,TW,TWD,2025-12-26T12:49:33,
bank_000753,006,合作金庫,TW,TWD,2025-08-14T08:32:42,
bank_000754,009,彰化銀行,TW,TWD,2025-09-04T08:23:02,
bank_000755,005,土地銀行,AE,TWD,2025-11-24T08:29:31,
bank_000756,009,彰化銀行,AE,TWD,2025-09-08T16:14:36,
bank_000757,013,國泰世華,SG,TWD,2025-08-03T12:25:38,
bank_000758,700,中華郵政,SG,TWD,2025-10-20T15:59:03,
bank_000759,812,台新銀行,TW,TWD,2025-08-25T23:28:54,
bank_000760,004,臺灣銀行,TW,TWD,2025-09-18T23:43:31,
bank_000761,006,合作金庫,TW,TWD,2025-12-02T19:54:31,
bank_000762,700,中華郵政,TW,TWD,2025-11-08T07:27:48,
bank_000763,013,國泰世華,TW,TWD,2025-09-21T08:47:17,
bank_000764,004,臺灣銀行,TW,TWD,2025-12-31T15:47:44,
bank_000765,700,中華郵政,TW,TWD,2025-11-08T12:30:49,
bank_000766,006,合作金庫,TW,TWD,2025-12-19T08:27:39,
bank_000767,006,合作金庫,TW,TWD,2025-09-14T07:44:55,
bank_000768,700,中華郵政,TW,TWD,2025-08-02T11:28:00,
bank_000769,008,華南銀行,TW,TWD,2025-11-03T20:37:21,
bank_000770,008,華南銀行,TW,TWD,2025-09-11T20:51:55,
bank_000771,009,彰化銀行,TW,TWD,2025-07-16T22:38:56,
bank_000772,004,臺灣銀行,TW,TWD,2025-09-29T16:14:21,
bank_000773,013,國泰世華,TW,TWD,2025-11-26T12:25:49,
bank_000774,700,中華郵政,TW,TWD,2025-09-17T14:17:22,
bank_000775,004,臺灣銀行,TW,TWD,2025-10-23T13:24:39,
bank_000776,812,台新銀行,TW,TWD,2025-10-24T19:15:26,
bank_000777,812,台新銀行,SG,TWD,2025-11-05T12:48:03,
bank_000778,005,土地銀行,TW,TWD,2025-12-20T22:56:22,
bank_000779,700,中華郵政,TW,TWD,2025-07-13T14:12:33,
bank_000780,008,華南銀行,TW,TWD,2025-08-07T11:09:59,
bank_000781,009,彰化銀行,TW,TWD,2025-10-30T14:36:27,
bank_000782,700,中華郵政,TW,TWD,2025-10-26T07:42:32,
bank_000783,008,華南銀行,AE,TWD,2025-09-08T12:20:14,
bank_000784,812,台新銀行,AE,TWD,2025-11-09T13:57:46,
bank_000785,004,臺灣銀行,TW,TWD,2025-08-29T08:24:59,
bank_000786,013,國泰世華,TW,TWD,2025-11-18T16:56:24,
bank_000787,005,土地銀行,TW,TWD,2025-12-13T13:25:56,
bank_000788,700,中華郵政,TW,TWD,2025-10-25T16:03:21,
bank_000789,009,彰化銀行,SG,TWD,2025-10-20T07:15:27,
bank_000790,812,台新銀行,SG,TWD,2025-11-05T08:47:38,
bank_000791,812,台新銀行,TW,TWD,2025-07-31T12:22:51,
bank_000792,700,中華郵政,TW,TWD,2025-11-06T17:16:16,
bank_000793,700,中華郵政,TW,TWD,2025-08-17T15:59:04,
bank_000794,009,彰化銀行,TW,TWD,2025-09-10T04:59:24,
bank_000795,700,中華郵政,TW,TWD,2025-09-29T13:56:50,
bank_000796,013,國泰世華,TW,TWD,2025-12-01T18:36:25,
bank_000797,004,臺灣銀行,TW,TWD,2025-12-27T13:23:42,
bank_000798,812,台新銀行,TW,TWD,2025-09-24T15:53:49,
bank_000799,812,台新銀行,TW,TWD,2025-12-23T09:00:31,
bank_000800,006,合作金庫,TW,TWD,2025-08-02T16:36:10,
bank_000801,700,中華郵政,TW,TWD,2025-11-03T13:36:22,
bank_000802,812,台新銀行,TW,TWD,2025-08-12T14:32:18,
bank_000803,812,台新銀行,TW,TWD,2025-07-10T15:39:43,
bank_000804,009,彰化銀行,TW,TWD,2025-12-11T14:41:22,
bank_000805,700,中華郵政,TW,TWD,2025-10-15T23:38:02,
bank_000806,004,臺灣銀行,TW,TWD,2025-09-12T23:35:55,
bank_000807,009,彰化銀行,TW,TWD,2025-10-10T16:11:35,
bank_000808,013,國泰世華,TW,TWD,2025-11-08T10:02:57,
bank_000809,009,彰化銀行,TW,TWD,2025-10-27T10:21:02,
bank_000810,812,台新銀行,TW,TWD,2025-12-23T16:51:31,
bank_000811,009,彰化銀行,TW,TWD,2025-09-12T08:27:44,
bank_000812,005,土地銀行,TW,TWD,2025-08-12T12:19:02,
bank_000813,005,土地銀行,TW,TWD,2025-09-06T10:10:28,
bank_000814,008,華南銀行,TW,TWD,2025-10-19T16:56:31,
bank_000815,009,彰化銀行,TW,TWD,2025-11-20T19:15:27,
bank_000816,004,臺灣銀行,TW,TWD,2025-11-10T12:15:45,
bank_000817,006,合作金庫,TW,TWD,2025-10-18T23:11:51,
bank_000818,004,臺灣銀行,TW,TWD,2025-10-14T07:02:36,
bank_000819,004,臺灣銀行,TW,TWD,2025-12-06T19:01:58,
bank_000820,006,合作金庫,TW,TWD,2025-09-26T11:18:37,
bank_000821,004,臺灣銀行,TW,TWD,2025-07-08T21:47:29,
bank_000822,005,土地銀行,TW,TWD,2025-10-26T18:40:56,
bank_000823,700,中華郵政,TW,TWD,2025-07-18T19:04:24,
bank_000824,008,華南銀行,TW,TWD,2025-09-02T07:18:03,
bank_000825,006,合作金庫,TW,TWD,2025-10-19T02:38:23,
bank_000826,006,合作金庫,TW,TWD,2025-09-10T07:09:45,
bank_000827,005,土地銀行,TW,TWD,2025-10-15T22:55:15,
bank_000828,005,土地銀行,TW,TWD,2025-07-28T08:46:16,
bank_000829,006,合作金庫,TW,TWD,2025-10-28T12:54:05,
bank_000830,004,臺灣銀行,TW,TWD,2025-09-05T03:37:24,
bank_000831,009,彰化銀行,TW,TWD,2025-11-03T13:42:25,
bank_000832,013,國泰世華,TW,TWD,2025-08-11T10:18:27,
bank_000833,004,臺灣銀行,JP,TWD,2025-08-02T17:33:14,
bank_000834,009,彰化銀行,JP,TWD,2025-12-15T13:53:31,
bank_000835,013,國泰世華,TW,TWD,2025-07-13T14:58:36,
bank_000836,004,臺灣銀行,TW,TWD,2025-10-13T12:05:48,
bank_000837,812,台新銀行,TW,TWD,2025-09-02T20:11:58,
bank_000838,006,合作金庫,TW,TWD,2025-11-07T15:22:29,
bank_000839,005,土地銀行,TW,TWD,2025-08-17T17:46:08,
bank_000840,006,合作金庫,TW,TWD,2025-08-09T11:33:00,
bank_000841,009,彰化銀行,TW,TWD,2025-11-29T12:19:53,
bank_000842,812,台新銀行,TW,TWD,2025-07-22T03:49:18,
bank_000843,008,華南銀行,TW,TWD,2025-11-06T16:13:01,
bank_000844,004,臺灣銀行,AE,TWD,2025-09-28T19:24:51,
bank_000845,812,台新銀行,AE,TWD,2025-08-14T23:46:02,
bank_000846,004,臺灣銀行,TW,TWD,2025-11-26T18:07:46,
bank_000847,008,華南銀行,TW,TWD,2025-07-14T18:04:14,
bank_000848,700,中華郵政,TW,TWD,2025-10-21T10:27:03,
bank_000849,812,台新銀行,TW,TWD,2025-12-06T11:05:32,
bank_000850,005,土地銀行,TW,TWD,2025-12-01T14:03:10,
bank_000851,009,彰化銀行,TW,TWD,2025-11-17T22:19:01,
bank_000852,700,中華郵政,JP,TWD,2025-11-30T17:00:33,
bank_000853,005,土地銀行,JP,TWD,2025-07-11T17:41:27,
bank_000854,812,台新銀行,TW,TWD,2025-09-09T02:59:47,
bank_000855,812,台新銀行,TW,TWD,2025-10-12T03:13:15,
bank_000856,700,中華郵政,TW,TWD,2025-10-16T10:59:27,
bank_000857,812,台新銀行,TW,TWD,2025-10-24T20:16:34,
bank_000858,005,土地銀行,TW,TWD,2025-10-12T13:27:39,
bank_000859,006,合作金庫,TW,TWD,2025-08-27T07:01:33,
bank_000860,006,合作金庫,TW,TWD,2025-11-28T21:57:16,
bank_000861,812,台新銀行,TW,TWD,2025-12-05T20:27:58,
bank_000862,009,彰化銀行,TW,TWD,2025-08-14T13:24:15,
bank_000863,008,華南銀行,TW,TWD,2025-11-12T22:36:53,
bank_000864,005,土地銀行,TW,TWD,2025-11-27T09:15:50,
bank_000865,004,臺灣銀行,TW,TWD,2025-12-30T23:44:29,
bank_000866,006,合作金庫,GB,TWD,2025-08-14T02:00:00,
bank_000867,005,土地銀行,TW,TWD,2026-01-01T23:59:00,
bank_000868,700,中華郵政,TW,TWD,2025-12-05T23:55:17,
bank_000869,005,土地銀行,TW,TWD,2025-10-10T07:04:36,
bank_000870,812,台新銀行,TW,TWD,2025-07-15T14:31:47,
bank_000871,700,中華郵政,TW,TWD,2025-08-19T13:56:39,
bank_000872,700,中華郵政,TW,TWD,2025-10-18T23:03:20,
bank_000873,013,國泰世華,TW,TWD,2025-07-14T10:27:00,
bank_000874,013,國泰世華,TW,TWD,2025-12-11T12:12:27,
bank_000875,008,華南銀行,GB,TWD,2025-10-30T09:59:21,
bank_000876,006,合作金庫,TW,TWD,2025-08-19T13:23:02,
bank_000877,008,華南銀行,US,TWD,2025-07-11T20:27:03,
bank_000878,700,中華郵政,US,TWD,2025-07-05T22:44:54,
bank_000879,004,臺灣銀行,TW,TWD,2025-12-27T00:20:58,
bank_000880,812,台新銀行,TW,TWD,2025-11-23T16:48:49,
bank_000881,005,土地銀行,TW,TWD,2025-11-17T11:32:01,
bank_000882,008,華南銀行,TW,TWD,2025-07-15T12:43:23,
bank_000883,005,土地銀行,TW,TWD,2025-10-07T09:06:58,
bank_000884,006,合作金庫,TW,TWD,2025-09-26T08:31:01,
bank_000885,700,中華郵政,TW,TWD,2025-10-10T13:29:02,
bank_000886,006,合作金庫,TW,TWD,2025-11-06T13:46:55,
bank_000887,008,華南銀行,TW,TWD,2025-07-22T22:44:01,
bank_000888,009,彰化銀行,TW,TWD,2025-07-19T16:38:56,
bank_000889,005,土地銀行,TW,TWD,2025-09-03T14:12:45,
bank_000890,812,台新銀行,TW,TWD,2025-12-23T12:17:30,
bank_000891,812,台新銀行,TW,TWD,2025-09-18T14:08:07,
bank_000892,700,中華郵政,TW,TWD,2025-08-21T14:05:03,
bank_000893,004,臺灣銀行,TW,TWD,2025-11-25T19:31:41,
bank_000894,013,國泰世華,TW,TWD,2025-09-22T13:59:46,
bank_000895,700,中華郵政,TW,TWD,2025-10-14T17:57:25,
bank_000896,004,臺灣銀行,TW,TWD,2025-12-12T16:25:48,
bank_000897,008,華南銀行,TW,TWD,2025-11-22T14:21:22,
bank_000898,009,彰化銀行,TW,TWD,2025-12-16T19:14:49,
bank_000899,005,土地銀行,TW,TWD,2025-07-10T10:35:18,
bank_000900,009,彰化銀行,TW,TWD,2025-09-01T13:57:24,
bank_000901,812,台新銀行,TW,TWD,2025-08-27T00:09:33,
bank_000902,006,合作金庫,TW,TWD,2025-10-11T19:28:25,
bank_000903,013,國泰世華,TW,TWD,2025-10-28T10:38:33,
bank_000904,013,國泰世華,TW,TWD,2025-10-28T04:09:33,
bank_000905,004,臺灣銀行,TW,TWD,2025-07-30T13:06:20,
bank_000906,700,中華郵政,TW,TWD,2025-09-21T22:22:56,
bank_000907,004,臺灣銀行,TW,TWD,2025-10-02T08:20:14,
bank_000908,812,台新銀行,TW,TWD,2025-12-06T11:19:55,
bank_000909,004,臺灣銀行,TW,TWD,2025-08-23T10:28:08,
bank_000910,009,彰化銀行,TW,TWD,2025-10-31T17:41:54,
bank_000911,009,彰化銀行,TW,TWD,2025-08-16T11:31:45,
bank_000912,812,台新銀行,TW,TWD,2025-10-26T16:12:06,
bank_000913,013,國泰世華,GB,TWD,2025-10-10T16:33:04,
bank_000914,812,台新銀行,AE,TWD,2025-12-04T10:46:19,
bank_000915,005,土地銀行,TW,TWD,2025-09-17T11:27:57,
bank_000916,700,中華郵政,TW,TWD,2025-08-19T23:19:39,
bank_000917,005,土地銀行,TW,TWD,2025-12-08T17:22:55,
bank_000918,009,彰化銀行,TW,TWD,2025-07-30T20:55:06,
bank_000919,013,國泰世華,TW,TWD,2025-09-06T08:30:23,
bank_000920,013,國泰世華,TW,TWD,2025-07-09T09:54:44,
bank_000921,004,臺灣銀行,HK,TWD,2025-08-29T18:53:57,
bank_000922,013,國泰世華,HK,TWD,2025-10-10T22:32:44,
bank_000923,006,合作金庫,TW,TWD,2025-07-08T16:13:50,
bank_000924,008,華南銀行,TW,TWD,2025-10-20T16:00:23,
bank_000925,004,臺灣銀行,TW,TWD,2025-09-05T21:32:01,
bank_000926,009,彰化銀行,TW,TWD,2025-09-09T20:13:51,
bank_000927,009,彰化銀行,TW,TWD,2025-08-19T07:35:48,
bank_000928,006,合作金庫,HK,TWD,2025-11-08T22:34:35,
bank_000929,700,中華郵政,AE,TWD,2025-12-15T08:34:41,
bank_000930,004,臺灣銀行,TW,TWD,2025-10-24T19:44:43,
bank_000931,006,合作金庫,GB,TWD,2025-09-18T03:19:05,
bank_000932,812,台新銀行,TW,TWD,2025-10-05T09:27:33,
bank_000933,013,國泰世華,TW,TWD,2025-07-13T13:07:58,
bank_000934,812,台新銀行,TW,TWD,2025-11-03T17:01:17,
bank_000935,008,華南銀行,TW,TWD,2025-07-21T20:37:23,
bank_000936,004,臺灣銀行,TW,TWD,2025-10-22T08:23:10,
bank_000937,700,中華郵政,TW,TWD,2025-12-18T20:27:06,
bank_000938,009,彰化銀行,TW,TWD,2025-10-17T21:24:16,
bank_000939,005,土地銀行,TW,TWD,2025-09-07T16:54:09,
bank_000940,006,合作金庫,TW,TWD,2025-12-24T22:48:26,
bank_000941,009,彰化銀行,TW,TWD,2025-07-11T22:07:56,
bank_000942,009,彰化銀行,SG,TWD,2025-07-21T20:12:01,
bank_000943,006,合作金庫,SG,TWD,2025-11-29T21:24:51,
bank_000944,812,台新銀行,TW,TWD,2025-08-04T23:35:09,
bank_000945,812,台新銀行,TW,TWD,2025-10-10T19:01:28,
bank_000946,005,土地銀行,TW,TWD,2025-10-16T14:00:33,
bank_000947,004,臺灣銀行,TW,TWD,2025-12-16T16:14:17,
bank_000948,812,台新銀行,TW,TWD,2025-10-18T12:46:30,
bank_000949,700,中華郵政,TW,TWD,2025-07-18T12:32:19,
bank_000950,812,台新銀行,TW,TWD,2025-10-16T10:19:38,
bank_000951,812,台新銀行,TW,TWD,2025-12-17T00:17:27,
bank_000952,700,中華郵政,TW,TWD,2025-12-03T12:15:49,
bank_000953,009,彰化銀行,TW,TWD,2025-09-18T17:10:02,
bank_000954,008,華南銀行,HK,TWD,2025-10-19T16:15:43,
bank_000955,812,台新銀行,TW,TWD,2025-12-15T07:30:51,
bank_000956,005,土地銀行,TW,TWD,2025-10-14T23:00:14,
bank_000957,008,華南銀行,TW,TWD,2025-12-11T23:05:15,
bank_000958,812,台新銀行,TW,TWD,2025-10-06T12:22:57,
bank_000959,004,臺灣銀行,TW,TWD,2025-10-23T18:26:56,
bank_000960,700,中華郵政,TW,TWD,2025-08-04T19:55:28,
bank_000961,008,華南銀行,TW,TWD,2025-10-26T23:43:23,
bank_000962,008,華南銀行,TW,TWD,2025-10-15T14:24:31,
bank_000963,700,中華郵政,TW,TWD,2025-11-06T15:33:27,
bank_000964,004,臺灣銀行,TW,TWD,2025-11-14T22:27:14,
bank_000965,004,臺灣銀行,TW,TWD,2025-09-04T12:35:56,
bank_000966,009,彰化銀行,TW,TWD,2025-12-25T19:05:48,
bank_000967,008,華南銀行,TW,TWD,2025-09-08T02:18:06,
bank_000968,700,中華郵政,TW,TWD,2025-12-05T07:38:10,
bank_000969,008,華南銀行,TW,TWD,2025-09-04T21:53:39,
bank_000970,009,彰化銀行,TW,TWD,2025-09-08T21:25:24,
bank_000971,013,國泰世華,TW,TWD,2025-08-28T17:40:16,
bank_000972,009,彰化銀行,TW,TWD,2025-10-19T18:08:03,
bank_000973,700,中華郵政,TW,TWD,2025-08-01T09:49:37,
bank_000974,008,華南銀行,TW,TWD,2025-07-05T13:34:17,
bank_000975,004,臺灣銀行,SG,TWD,2025-09-04T23:46:48,
bank_000976,004,臺灣銀行,TW,TWD,2025-12-25T20:30:11,
bank_000977,004,臺灣銀行,TW,TWD,2025-12-26T22:38:35,
bank_000978,004,臺灣銀行,TW,TWD,2025-09-07T15:58:03,
bank_000979,008,華南銀行,TW,TWD,2025-10-14T12:39:43,
bank_000980,700,中華郵政,TW,TWD,2025-07-25T15:14:11,
bank_000981,004,臺灣銀行,TW,TWD,2025-11-08T17:47:24,
bank_000982,004,臺灣銀行,HK,TWD,2025-07-31T14:03:47,
bank_000983,700,中華郵政,HK,TWD,2025-09-27T13:29:48,
bank_000984,700,中華郵政,HK,TWD,2025-09-23T07:34:00,
bank_000985,009,彰化銀行,TW,TWD,2025-11-23T00:34:56,
bank_000986,006,合作金庫,TW,TWD,2025-10-07T13:19:44,
bank_000987,005,土地銀行,US,TWD,2025-07-08T11:59:25,
bank_000988,008,華南銀行,TW,TWD,2025-12-26T20:05:24,
bank_000989,006,合作金庫,TW,TWD,2025-12-23T16:30:47,
bank_000990,004,臺灣銀行,TW,TWD,2025-10-24T16:48:32,
bank_000991,009,彰化銀行,TW,TWD,2025-07-29T21:24:09,
bank_000992,008,華南銀行,TW,TWD,2025-07-10T13:31:19,
bank_000993,812,台新銀行,TW,TWD,2025-10-13T01:17:00,
bank_000994,004,臺灣銀行,TW,TWD,2025-11-06T13:34:29,
bank_000995,009,彰化銀行,GB,TWD,2025-08-01T16:53:22,
bank_000996,005,土地銀行,GB,TWD,2025-12-17T23:06:02,
bank_000997,004,臺灣銀行,TW,TWD,2025-12-03T10:18:17,
bank_000998,004,臺灣銀行,GB,TWD,2025-11-23T07:42:55,
bank_000999,812,台新銀行,TW,TWD,2025-10-09T03:10:07,
bank_001000,008,華南銀行,TW,TWD,2025-09-04T17:33:32,
bank_001001,009,彰化銀行,TW,TWD,2025-09-27T22:05:51,
bank_001002,006,合作金庫,TW,TWD,2025-11-13T17:33:19,
bank_001003,013,國泰世華,TW,TWD,2025-10-27T12:42:58,
bank_001004,700,中華郵政,TW,TWD,2025-07-17T13:51:30,
bank_001005,008,華南銀行,TW,TWD,2025-10-23T01:59:32,
bank_001006,009,彰化銀行,TW,TWD,2025-10-29T07:44:44,
bank_001007,700,中華郵政,TW,TWD,2025-08-28T21:02:27,
bank_001008,008,華南銀行,SG,TWD,2025-10-10T09:34:39,
bank_001009,006,合作金庫,TW,TWD,2025-07-22T21:53:36,
bank_001010,008,華南銀行,TW,TWD,2025-12-21T10:01:23,
bank_001011,006,合作金庫,TW,TWD,2025-08-25T09:44:33,
bank_001012,013,國泰世華,TW,TWD,2025-11-09T07:49:24,
bank_001013,006,合作金庫,TW,TWD,2025-12-03T23:31:02,
bank_001014,005,土地銀行,TW,TWD,2025-09-11T23:14:22,
bank_001015,700,中華郵政,TW,TWD,2025-07-24T01:39:01,
bank_001016,812,台新銀行,TW,TWD,2025-09-19T14:37:35,
bank_001017,700,中華郵政,TW,TWD,2025-12-03T17:47:45,
bank_001018,005,土地銀行,TW,TWD,2025-08-08T19:10:35,
bank_001019,008,華南銀行,SG,TWD,2025-09-28T10:36:06,
bank_001020,005,土地銀行,TW,TWD,2025-09-28T17:46:10,
bank_001021,006,合作金庫,TW,TWD,2025-09-17T15:42:34,
bank_001022,006,合作金庫,TW,TWD,2025-11-06T22:55:45,
bank_001023,008,華南銀行,TW,TWD,2025-12-16T02:07:22,
bank_001024,812,台新銀行,TW,TWD,2025-08-07T16:44:43,
bank_001025,700,中華郵政,TW,TWD,2025-07-22T15:52:19,
bank_001026,013,國泰世華,TW,TWD,2025-12-14T20:57:40,
bank_001027,013,國泰世華,TW,TWD,2025-08-24T01:01:27,
bank_001028,812,台新銀行,TW,TWD,2025-09-15T14:03:27,
bank_001029,812,台新銀行,TW,TWD,2025-09-21T23:01:01,
bank_001030,700,中華郵政,TW,TWD,2025-07-08T21:51:22,
bank_001031,009,彰化銀行,TW,TWD,2025-08-27T22:12:16,
bank_001032,009,彰化銀行,TW,TWD,2025-07-10T14:46:50,
bank_001033,006,合作金庫,TW,TWD,2025-12-21T23:11:33,
bank_001034,006,合作金庫,TW,TWD,2025-09-07T04:39:50,
bank_001035,008,華南銀行,TW,TWD,2025-08-22T18:22:29,
bank_001036,004,臺灣銀行,TW,TWD,2025-11-17T17:13:13,
bank_001037,004,臺灣銀行,TW,TWD,2025-10-08T08:38:40,
bank_001038,004,臺灣銀行,TW,TWD,2025-09-14T14:21:41,
bank_001039,013,國泰世華,TW,TWD,2025-09-06T16:31:18,
bank_001040,013,國泰世華,JP,TWD,2025-11-07T22:51:50,
bank_001041,013,國泰世華,TW,TWD,2025-12-01T07:45:33,
bank_001042,812,台新銀行,TW,TWD,2025-09-02T16:41:02,
bank_001043,005,土地銀行,TW,TWD,2025-07-10T14:55:20,
bank_001044,700,中華郵政,TW,TWD,2025-10-12T11:33:07,
bank_001045,006,合作金庫,TW,TWD,2025-12-06T20:14:11,
bank_001046,009,彰化銀行,SG,TWD,2025-08-11T18:29:51,
bank_001047,008,華南銀行,SG,TWD,2025-12-04T16:03:41,
bank_001048,006,合作金庫,TW,TWD,2025-12-31T12:26:19,
bank_001049,812,台新銀行,AE,TWD,2025-10-10T11:08:14,
bank_001050,009,彰化銀行,AE,TWD,2025-10-01T08:28:17,
bank_001051,005,土地銀行,TW,TWD,2025-11-25T21:24:49,
bank_001052,004,臺灣銀行,TW,TWD,2025-11-20T21:12:56,
bank_001053,009,彰化銀行,TW,TWD,2025-10-25T18:07:22,
bank_001054,700,中華郵政,TW,TWD,2025-08-04T13:47:43,
bank_001055,009,彰化銀行,TW,TWD,2025-11-14T20:29:39,
bank_001056,812,台新銀行,TW,TWD,2025-12-19T16:38:12,
bank_001057,812,台新銀行,TW,TWD,2025-11-02T07:44:51,
bank_001058,006,合作金庫,US,TWD,2025-12-14T07:17:08,
bank_001059,006,合作金庫,US,TWD,2025-07-24T08:17:28,
bank_001060,700,中華郵政,TW,TWD,2025-11-13T08:02:19,
bank_001061,004,臺灣銀行,AE,TWD,2025-10-07T02:34:40,
bank_001062,004,臺灣銀行,TW,TWD,2025-09-19T03:02:16,
bank_001063,013,國泰世華,TW,TWD,2025-07-29T22:46:13,
bank_001064,013,國泰世華,TW,TWD,2025-12-25T14:33:56,
bank_001065,812,台新銀行,AE,TWD,2025-11-23T08:16:01,
bank_001066,009,彰化銀行,AE,TWD,2025-07-08T16:04:35,
bank_001067,006,合作金庫,TW,TWD,2025-09-25T21:05:17,
bank_001068,005,土地銀行,GB,TWD,2025-12-31T18:00:04,
bank_001069,004,臺灣銀行,TW,TWD,2025-09-23T04:43:55,
bank_001070,009,彰化銀行,TW,TWD,2025-12-03T17:23:10,
bank_001071,006,合作金庫,TW,TWD,2025-08-09T08:08:35,
bank_001072,700,中華郵政,TW,TWD,2025-08-09T19:03:13,
bank_001073,700,中華郵政,TW,TWD,2025-12-17T18:04:13,
bank_001074,812,台新銀行,TW,TWD,2025-09-21T21:37:31,
bank_001075,009,彰化銀行,TW,TWD,2025-09-29T22:46:18,
bank_001076,009,彰化銀行,TW,TWD,2025-10-31T14:22:55,
bank_001077,008,華南銀行,TW,TWD,2025-12-29T00:40:33,
bank_001078,009,彰化銀行,TW,TWD,2025-08-04T20:17:40,
bank_001079,006,合作金庫,TW,TWD,2025-09-26T18:31:30,
bank_001080,006,合作金庫,TW,TWD,2025-12-18T12:48:56,
bank_001081,006,合作金庫,TW,TWD,2025-10-08T08:10:07,
bank_001082,008,華南銀行,TW,TWD,2025-08-19T07:27:46,
bank_001083,008,華南銀行,TW,TWD,2025-08-21T09:07:44,
bank_001084,009,彰化銀行,TW,TWD,2025-12-10T04:55:21,
bank_001085,006,合作金庫,TW,TWD,2025-08-11T14:21:02,
bank_001086,006,合作金庫,TW,TWD,2025-08-04T20:42:24,
bank_001087,004,臺灣銀行,TW,TWD,2025-09-22T14:04:03,
bank_001088,009,彰化銀行,TW,TWD,2025-10-14T20:51:25,
bank_001089,013,國泰世華,TW,TWD,2025-07-27T07:58:25,
bank_001090,013,國泰世華,SG,TWD,2025-09-06T11:35:28,
bank_001091,005,土地銀行,SG,TWD,2025-11-07T16:31:10,
bank_001092,004,臺灣銀行,SG,TWD,2025-11-20T03:37:23,
bank_001093,006,合作金庫,SG,TWD,2025-08-10T13:00:39,
bank_001094,008,華南銀行,TW,TWD,2025-08-10T18:43:30,
bank_001095,013,國泰世華,TW,TWD,2025-12-08T16:58:42,
bank_001096,812,台新銀行,TW,TWD,2025-08-19T12:06:51,
bank_001097,004,臺灣銀行,TW,TWD,2025-07-29T17:37:12,
bank_001098,812,台新銀行,TW,TWD,2025-08-13T15:07:37,
bank_001099,004,臺灣銀行,TW,TWD,2025-09-11T16:16:09,
bank_001100,700,中華郵政,TW,TWD,2025-08-24T10:30:48,
bank_001101,013,國泰世華,US,TWD,2025-07-08T12:15:10,
bank_001102,006,合作金庫,TW,TWD,2025-12-28T18:25:59,
bank_001103,004,臺灣銀行,TW,TWD,2025-08-18T20:22:29,
bank_001104,005,土地銀行,TW,TWD,2025-11-26T22:05:27,
bank_001105,008,華南銀行,TW,TWD,2025-10-10T12:31:44,
bank_001106,013,國泰世華,TW,TWD,2025-09-04T19:06:29,
bank_001107,005,土地銀行,TW,TWD,2025-10-28T02:51:00,
bank_001108,013,國泰世華,TW,TWD,2025-12-10T17:38:29,
bank_001109,700,中華郵政,TW,TWD,2026-01-01T22:09:09,
bank_001110,006,合作金庫,TW,TWD,2025-12-07T14:15:50,
bank_001111,812,台新銀行,SG,TWD,2025-09-09T07:49:23,
bank_001112,812,台新銀行,SG,TWD,2025-07-10T13:58:29,
bank_001113,005,土地銀行,TW,TWD,2025-12-31T11:00:11,
bank_001114,005,土地銀行,TW,TWD,2025-09-20T16:53:54,
bank_001115,004,臺灣銀行,TW,TWD,2025-08-04T11:25:42,
bank_001116,004,臺灣銀行,TW,TWD,2025-08-25T16:36:15,
bank_001117,004,臺灣銀行,TW,TWD,2025-11-21T18:09:59,
bank_001118,008,華南銀行,HK,TWD,2025-07-23T13:39:04,
bank_001119,004,臺灣銀行,HK,TWD,2025-12-19T16:23:49,
bank_001120,006,合作金庫,TW,TWD,2025-09-03T02:35:22,
bank_001121,005,土地銀行,TW,TWD,2025-12-14T23:59:51,
bank_001122,812,台新銀行,TW,TWD,2025-08-07T11:03:09,
bank_001123,006,合作金庫,TW,TWD,2025-11-07T12:06:54,
bank_001124,812,台新銀行,TW,TWD,2025-11-24T19:22:26,
bank_001125,013,國泰世華,TW,TWD,2025-07-16T22:03:50,
bank_001126,700,中華郵政,TW,TWD,2025-08-30T17:52:53,
bank_001127,700,中華郵政,TW,TWD,2025-09-05T16:06:56,
bank_001128,005,土地銀行,TW,TWD,2025-10-23T12:22:59,
bank_001129,009,彰化銀行,TW,TWD,2025-10-04T13:10:05,
bank_001130,009,彰化銀行,TW,TWD,2025-07-27T19:34:40,
bank_001131,013,國泰世華,TW,TWD,2025-10-05T13:34:10,
bank_001132,006,合作金庫,TW,TWD,2025-08-08T17:42:07,
bank_001133,005,土地銀行,GB,TWD,2025-12-13T23:54:45,
bank_001134,008,華南銀行,TW,TWD,2025-09-24T10:32:49,
bank_001135,812,台新銀行,TW,TWD,2025-12-25T13:02:14,
bank_001136,004,臺灣銀行,TW,TWD,2025-12-14T08:02:32,
bank_001137,013,國泰世華,GB,TWD,2025-07-11T17:36:05,
bank_001138,009,彰化銀行,TW,TWD,2025-10-11T17:18:19,
bank_001139,812,台新銀行,TW,TWD,2025-09-22T17:18:47,
bank_001140,006,合作金庫,TW,TWD,2025-08-15T12:20:48,
bank_001141,812,台新銀行,TW,TWD,2025-10-29T13:10:06,
bank_001142,812,台新銀行,TW,TWD,2025-10-06T15:57:50,
bank_001143,004,臺灣銀行,TW,TWD,2025-10-18T12:42:58,
bank_001144,812,台新銀行,TW,TWD,2025-08-31T08:14:08,
bank_001145,006,合作金庫,TW,TWD,2025-11-02T20:18:41,
bank_001146,812,台新銀行,TW,TWD,2025-10-25T11:42:55,
bank_001147,013,國泰世華,TW,TWD,2025-08-02T07:47:55,
bank_001148,005,土地銀行,TW,TWD,2025-10-23T13:23:22,
bank_001149,006,合作金庫,TW,TWD,2025-10-06T14:34:03,
bank_001150,700,中華郵政,TW,TWD,2025-07-15T19:18:54,
bank_001151,812,台新銀行,TW,TWD,2025-09-26T13:37:31,
bank_001152,812,台新銀行,TW,TWD,2025-11-15T21:58:51,
bank_001153,005,土地銀行,TW,TWD,2025-09-28T15:54:25,
bank_001154,013,國泰世華,TW,TWD,2025-08-26T18:36:45,
bank_001155,004,臺灣銀行,TW,TWD,2025-07-21T17:26:17,
bank_001156,009,彰化銀行,TW,TWD,2025-07-23T12:27:31,
bank_001157,008,華南銀行,TW,TWD,2025-11-03T16:06:26,
bank_001158,013,國泰世華,TW,TWD,2025-09-05T18:00:31,
bank_001159,004,臺灣銀行,TW,TWD,2025-10-10T21:39:33,
bank_001160,812,台新銀行,TW,TWD,2025-07-10T19:52:20,
bank_001161,013,國泰世華,TW,TWD,2025-07-14T02:59:47,
bank_001162,005,土地銀行,TW,TWD,2025-12-28T17:40:08,
bank_001163,005,土地銀行,TW,TWD,2025-12-15T10:07:26,
bank_001164,006,合作金庫,TW,TWD,2025-08-29T08:19:50,
bank_001165,700,中華郵政,TW,TWD,2025-11-13T19:49:48,
bank_001166,013,國泰世華,TW,TWD,2025-11-05T20:38:57,
bank_001167,005,土地銀行,TW,TWD,2025-10-09T15:28:56,
bank_001168,006,合作金庫,TW,TWD,2025-08-04T20:04:02,
bank_001169,700,中華郵政,TW,TWD,2025-08-31T18:05:19,
bank_001170,009,彰化銀行,TW,TWD,2025-12-20T12:35:50,
bank_001171,004,臺灣銀行,TW,TWD,2025-10-01T15:34:24,
bank_001172,005,土地銀行,TW,TWD,2025-07-21T11:31:15,
bank_001173,006,合作金庫,TW,TWD,2025-09-18T23:11:07,
bank_001174,008,華南銀行,TW,TWD,2025-12-24T18:27:05,
bank_001175,013,國泰世華,TW,TWD,2025-10-14T15:55:17,
bank_001176,013,國泰世華,SG,TWD,2025-08-17T07:27:52,
bank_001177,013,國泰世華,TW,TWD,2025-08-30T19:45:27,
bank_001178,812,台新銀行,TW,TWD,2025-12-28T14:25:55,
bank_001179,008,華南銀行,TW,TWD,2025-09-24T17:24:03,
bank_001180,700,中華郵政,GB,TWD,2025-09-28T07:29:47,
bank_001181,004,臺灣銀行,GB,TWD,2025-11-15T14:43:53,
bank_001182,005,土地銀行,TW,TWD,2025-07-28T19:20:27,
bank_001183,812,台新銀行,TW,TWD,2025-09-26T16:47:18,
bank_001184,812,台新銀行,TW,TWD,2025-11-07T09:05:10,
bank_001185,008,華南銀行,TW,TWD,2025-09-10T18:01:27,
bank_001186,004,臺灣銀行,TW,TWD,2025-08-29T20:02:39,
bank_001187,005,土地銀行,TW,TWD,2025-09-17T18:29:58,
bank_001188,004,臺灣銀行,TW,TWD,2025-10-09T12:51:14,
bank_001189,006,合作金庫,TW,TWD,2025-11-26T13:30:27,
bank_001190,700,中華郵政,TW,TWD,2025-12-28T07:34:17,
bank_001191,013,國泰世華,TW,TWD,2025-09-05T00:11:55,
bank_001192,812,台新銀行,TW,TWD,2025-10-13T07:48:30,
bank_001193,009,彰化銀行,TW,TWD,2025-08-10T04:11:06,
bank_001194,013,國泰世華,TW,TWD,2025-12-28T16:27:49,
bank_001195,008,華南銀行,TW,TWD,2025-10-26T16:48:28,
bank_001196,013,國泰世華,TW,TWD,2025-11-26T15:05:42,
bank_001197,006,合作金庫,TW,TWD,2025-08-18T14:23:01,
bank_001198,009,彰化銀行,TW,TWD,2025-09-04T20:46:48,
bank_001199,008,華南銀行,TW,TWD,2025-12-20T23:14:48,
bank_001200,004,臺灣銀行,TW,TWD,2025-10-09T02:59:58,
bank_001201,008,華南銀行,TW,TWD,2025-08-29T08:44:31,
bank_001202,006,合作金庫,TW,TWD,2025-10-12T08:15:09,
bank_001203,013,國泰世華,TW,TWD,2025-11-16T18:01:37,
bank_001204,008,華南銀行,AE,TWD,2025-10-10T22:36:25,
bank_001205,812,台新銀行,AE,TWD,2025-10-29T08:09:44,
bank_001206,004,臺灣銀行,TW,TWD,2025-07-18T07:22:23,
bank_001207,008,華南銀行,TW,TWD,2025-12-01T19:55:09,
bank_001208,005,土地銀行,TW,TWD,2025-12-18T19:33:54,
bank_001209,005,土地銀行,TW,TWD,2025-07-21T12:01:43,
bank_001210,005,土地銀行,AE,TWD,2025-11-28T10:03:16,
bank_001211,009,彰化銀行,TW,TWD,2025-09-12T17:06:23,
bank_001212,008,華南銀行,TW,TWD,2025-09-28T10:40:23,
bank_001213,008,華南銀行,US,TWD,2025-07-06T15:15:06,
bank_001214,004,臺灣銀行,TW,TWD,2025-10-05T22:42:22,
bank_001215,005,土地銀行,TW,TWD,2025-10-01T23:50:53,
bank_001216,006,合作金庫,HK,TWD,2025-09-02T22:06:53,
bank_001217,009,彰化銀行,HK,TWD,2025-12-09T15:41:25,
bank_001218,812,台新銀行,SG,TWD,2025-11-29T21:10:47,
bank_001219,004,臺灣銀行,GB,TWD,2025-10-11T08:47:18,
bank_001220,005,土地銀行,TW,TWD,2025-09-20T12:15:31,
bank_001221,013,國泰世華,TW,TWD,2025-10-10T13:27:43,
bank_001222,006,合作金庫,TW,TWD,2025-12-04T16:04:54,
bank_001223,009,彰化銀行,TW,TWD,2025-10-04T18:43:39,
bank_001224,004,臺灣銀行,TW,TWD,2025-09-09T13:13:20,
bank_001225,008,華南銀行,TW,TWD,2025-07-18T02:55:13,
bank_001226,004,臺灣銀行,TW,TWD,2025-12-16T01:44:23,
bank_001227,004,臺灣銀行,TW,TWD,2025-10-18T08:10:12,
bank_001228,008,華南銀行,TW,TWD,2025-11-19T13:59:36,
bank_001229,812,台新銀行,TW,TWD,2025-10-04T23:49:43,
bank_001230,008,華南銀行,SG,TWD,2025-09-29T07:22:04,
bank_001231,700,中華郵政,SG,TWD,2025-07-10T03:34:46,
bank_001232,006,合作金庫,TW,TWD,2025-10-18T23:08:07,
bank_001233,700,中華郵政,TW,TWD,2025-08-22T17:17:26,
bank_001234,013,國泰世華,TW,TWD,2025-07-08T15:27:31,
bank_001235,008,華南銀行,TW,TWD,2025-12-22T11:36:41,
bank_001236,812,台新銀行,TW,TWD,2025-08-26T21:46:23,
bank_001237,004,臺灣銀行,TW,TWD,2025-09-30T14:04:42,
bank_001238,700,中華郵政,TW,TWD,2025-07-16T16:48:00,
bank_001239,009,彰化銀行,TW,TWD,2025-07-17T17:55:46,
bank_001240,009,彰化銀行,TW,TWD,2025-08-06T15:05:29,
bank_001241,008,華南銀行,TW,TWD,2025-11-28T23:51:54,
bank_001242,013,國泰世華,TW,TWD,2025-12-18T11:28:03,
bank_001243,008,華南銀行,TW,TWD,2025-11-09T11:34:24,
bank_001244,005,土地銀行,TW,TWD,2025-08-22T19:04:59,
bank_001245,005,土地銀行,TW,TWD,2025-09-20T12:32:48,
bank_001246,812,台新銀行,TW,TWD,2025-11-10T14:56:21,
bank_001247,004,臺灣銀行,TW,TWD,2025-08-22T15:07:16,
bank_001248,008,華南銀行,TW,TWD,2025-08-30T08:51:06,
bank_001249,812,台新銀行,TW,TWD,2025-08-04T14:04:18,
bank_001250,700,中華郵政,TW,TWD,2025-10-10T09:39:10,
bank_001251,812,台新銀行,TW,TWD,2025-11-17T15:32:21,
bank_001252,006,合作金庫,TW,TWD,2025-07-14T12:12:02,
bank_001253,700,中華郵政,TW,TWD,2025-09-29T12:01:57,
bank_001254,005,土地銀行,TW,TWD,2025-11-30T18:48:04,
bank_001255,013,國泰世華,TW,TWD,2025-08-03T03:14:08,
bank_001256,013,國泰世華,TW,TWD,2025-11-05T20:04:02,
bank_001257,013,國泰世華,TW,TWD,2025-12-27T07:35:23,
bank_001258,004,臺灣銀行,TW,TWD,2025-08-10T14:35:37,
bank_001259,009,彰化銀行,TW,TWD,2025-09-02T09:19:24,
bank_001260,006,合作金庫,TW,TWD,2025-09-26T12:19:37,
bank_001261,009,彰化銀行,TW,TWD,2025-10-18T16:34:43,
bank_001262,009,彰化銀行,TW,TWD,2025-08-02T16:10:55,
bank_001263,004,臺灣銀行,TW,TWD,2025-12-30T21:52:33,
bank_001264,005,土地銀行,TW,TWD,2025-08-09T10:01:06,
bank_001265,008,華南銀行,TW,TWD,2025-10-07T14:40:37,
bank_001266,812,台新銀行,TW,TWD,2025-11-20T12:52:55,
bank_001267,004,臺灣銀行,TW,TWD,2025-08-11T21:35:31,
bank_001268,812,台新銀行,TW,TWD,2025-07-22T16:29:20,
bank_001269,013,國泰世華,TW,TWD,2025-07-15T12:16:18,
bank_001270,013,國泰世華,TW,TWD,2025-07-11T07:58:36,
bank_001271,013,國泰世華,TW,TWD,2025-10-25T19:13:26,
bank_001272,812,台新銀行,TW,TWD,2025-11-26T04:39:04,
bank_001273,700,中華郵政,TW,TWD,2025-12-26T13:46:28,
bank_001274,006,合作金庫,TW,TWD,2025-07-10T10:20:34,
bank_001275,700,中華郵政,TW,TWD,2025-11-07T13:59:24,
bank_001276,812,台新銀行,TW,TWD,2025-08-27T11:35:29,
bank_001277,005,土地銀行,TW,TWD,2025-09-13T14:42:31,
bank_001278,700,中華郵政,TW,TWD,2025-09-27T10:54:20,
bank_001279,006,合作金庫,TW,TWD,2025-09-10T02:21:09,
bank_001280,812,台新銀行,TW,TWD,2025-11-25T17:59:12,
bank_001281,008,華南銀行,TW,TWD,2025-10-19T17:46:16,
bank_001282,013,國泰世華,TW,TWD,2025-11-26T15:46:01,
bank_001283,013,國泰世華,TW,TWD,2025-12-19T08:41:43,
bank_001284,008,華南銀行,TW,TWD,2025-08-09T12:34:59,
bank_001285,700,中華郵政,TW,TWD,2025-10-28T21:31:53,
bank_001286,006,合作金庫,TW,TWD,2025-09-19T16:52:21,
bank_001287,005,土地銀行,TW,TWD,2025-07-08T18:12:54,
bank_001288,004,臺灣銀行,TW,TWD,2025-12-26T15:52:25,
bank_001289,008,華南銀行,TW,TWD,2025-10-01T12:37:21,
bank_001290,700,中華郵政,TW,TWD,2025-07-23T18:53:54,
bank_001291,008,華南銀行,TW,TWD,2025-08-05T12:53:22,
bank_001292,013,國泰世華,TW,TWD,2025-07-08T12:08:47,
bank_001293,812,台新銀行,TW,TWD,2025-11-12T16:06:01,
bank_001294,006,合作金庫,TW,TWD,2025-08-11T16:42:43,
bank_001295,005,土地銀行,TW,TWD,2025-08-05T14:10:41,
bank_001296,008,華南銀行,TW,TWD,2025-12-12T02:32:42,
bank_001297,812,台新銀行,TW,TWD,2025-07-18T22:17:17,
bank_001298,005,土地銀行,TW,TWD,2025-12-22T15:05:15,
bank_001299,700,中華郵政,TW,TWD,2025-12-05T15:47:00,
bank_001300,008,華南銀行,TW,TWD,2025-12-28T11:16:37,
bank_001301,009,彰化銀行,TW,TWD,2025-12-09T07:32:33,
bank_001302,008,華南銀行,TW,TWD,2025-07-26T19:28:46,
bank_001303,004,臺灣銀行,TW,TWD,2025-07-08T18:14:15,
bank_001304,009,彰化銀行,TW,TWD,2025-10-22T11:23:57,
bank_001305,005,土地銀行,TW,TWD,2025-11-27T16:51:49,
bank_001306,812,台新銀行,TW,TWD,2025-11-07T12:44:42,
bank_001307,013,國泰世華,TW,TWD,2025-07-13T21:33:08,
bank_001308,006,合作金庫,AE,TWD,2025-12-12T11:10:45,
bank_001309,013,國泰世華,AE,TWD,2025-09-28T21:25:39,
bank_001310,013,國泰世華,TW,TWD,2025-07-17T02:06:26,
bank_001311,700,中華郵政,TW,TWD,2025-10-29T07:32:38,
bank_001312,004,臺灣銀行,TW,TWD,2025-08-12T08:06:35,
bank_001313,700,中華郵政,TW,TWD,2025-09-21T13:01:03,
bank_001314,009,彰化銀行,TW,TWD,2025-08-24T00:53:33,
bank_001315,006,合作金庫,TW,TWD,2025-12-05T23:46:25,
bank_001316,008,華南銀行,TW,TWD,2025-07-05T21:11:55,
bank_001317,006,合作金庫,TW,TWD,2025-09-11T14:31:36,
bank_001318,812,台新銀行,TW,TWD,2025-12-22T17:53:27,
bank_001319,013,國泰世華,TW,TWD,2025-08-08T03:52:34,
bank_001320,009,彰化銀行,TW,TWD,2025-11-01T11:28:27,
bank_001321,812,台新銀行,TW,TWD,2025-11-05T17:16:31,
bank_001322,812,台新銀行,TW,TWD,2025-07-12T21:11:22,
bank_001323,006,合作金庫,TW,TWD,2025-07-10T23:32:54,
bank_001324,005,土地銀行,TW,TWD,2025-07-10T08:10:30,
bank_001325,013,國泰世華,TW,TWD,2025-10-31T17:36:53,
bank_001326,008,華南銀行,TW,TWD,2025-11-02T09:39:43,
bank_001327,013,國泰世華,TW,TWD,2025-11-06T09:28:42,
bank_001328,700,中華郵政,HK,TWD,2025-09-06T18:42:41,
bank_001329,004,臺灣銀行,TW,TWD,2025-08-03T18:57:26,
bank_001330,009,彰化銀行,TW,TWD,2025-09-03T09:49:16,
bank_001331,700,中華郵政,TW,TWD,2025-12-08T15:34:44,
bank_001332,812,台新銀行,TW,TWD,2025-12-02T01:24:51,
bank_001333,013,國泰世華,TW,TWD,2025-10-24T16:21:16,
bank_001334,006,合作金庫,US,TWD,2025-09-26T15:34:07,
bank_001335,005,土地銀行,TW,TWD,2025-08-21T13:55:22,
bank_001336,008,華南銀行,TW,TWD,2025-11-23T22:29:52,
bank_001337,700,中華郵政,TW,TWD,2025-10-12T21:22:44,
bank_001338,004,臺灣銀行,TW,TWD,2025-07-31T12:29:07,
bank_001339,006,合作金庫,TW,TWD,2025-08-28T17:54:08,
bank_001340,700,中華郵政,TW,TWD,2025-09-07T15:29:48,
bank_001341,013,國泰世華,TW,TWD,2025-07-30T08:56:44,
bank_001342,004,臺灣銀行,TW,TWD,2025-08-07T12:08:14,
bank_001343,008,華南銀行,TW,TWD,2025-12-21T23:51:54,
bank_001344,008,華南銀行,TW,TWD,2025-11-28T23:38:00,
bank_001345,009,彰化銀行,TW,TWD,2025-11-17T17:59:01,
bank_001346,700,中華郵政,TW,TWD,2025-10-04T17:25:20,
bank_001347,006,合作金庫,TW,TWD,2025-10-25T13:42:25,
bank_001348,005,土地銀行,TW,TWD,2025-12-20T22:12:35,
bank_001349,005,土地銀行,TW,TWD,2025-09-21T13:26:55,
bank_001350,004,臺灣銀行,TW,TWD,2025-08-16T20:56:04,
bank_001351,013,國泰世華,TW,TWD,2025-12-03T07:09:05,
bank_001352,013,國泰世華,TW,TWD,2025-10-03T12:24:52,
bank_001353,008,華南銀行,TW,TWD,2025-10-13T08:09:35,
bank_001354,812,台新銀行,US,TWD,2025-09-09T18:02:55,
bank_001355,812,台新銀行,TW,TWD,2025-11-15T11:19:06,
bank_001356,005,土地銀行,SG,TWD,2025-09-21T09:41:51,
bank_001357,006,合作金庫,TW,TWD,2025-09-23T12:17:46,
bank_001358,005,土地銀行,TW,TWD,2025-07-11T08:44:07,
bank_001359,013,國泰世華,JP,TWD,2025-10-27T12:26:44,
bank_001360,009,彰化銀行,JP,TWD,2025-12-25T12:24:39,
bank_001361,009,彰化銀行,TW,TWD,2025-10-02T14:23:55,
bank_001362,009,彰化銀行,TW,TWD,2025-10-30T13:18:29,
bank_001363,006,合作金庫,TW,TWD,2025-10-15T18:53:48,
bank_001364,009,彰化銀行,HK,TWD,2025-09-09T07:57:49,
bank_001365,005,土地銀行,HK,TWD,2025-09-08T22:41:38,
bank_001366,006,合作金庫,HK,TWD,2025-08-28T19:08:11,
bank_001367,009,彰化銀行,TW,TWD,2025-09-08T12:30:01,
bank_001368,008,華南銀行,TW,TWD,2025-10-24T21:30:48,
bank_001369,700,中華郵政,TW,TWD,2025-08-13T11:56:36,
bank_001370,812,台新銀行,TW,TWD,2025-09-20T20:44:38,
bank_001371,005,土地銀行,TW,TWD,2025-09-24T23:01:51,
bank_001372,008,華南銀行,TW,TWD,2025-11-12T00:12:48,
bank_001373,006,合作金庫,TW,TWD,2025-11-15T17:44:42,
bank_001374,700,中華郵政,TW,TWD,2025-09-08T13:37:04,
bank_001375,005,土地銀行,TW,TWD,2025-12-27T12:31:49,
bank_001376,009,彰化銀行,TW,TWD,2025-08-30T16:24:24,
bank_001377,700,中華郵政,TW,TWD,2025-12-12T14:06:27,
bank_001378,006,合作金庫,TW,TWD,2025-11-26T10:30:48,
bank_001379,004,臺灣銀行,TW,TWD,2025-11-13T08:14:39,
bank_001380,006,合作金庫,TW,TWD,2025-08-22T11:52:35,
bank_001381,006,合作金庫,TW,TWD,2025-10-12T09:48:53,
bank_001382,812,台新銀行,TW,TWD,2025-12-10T14:27:58,
bank_001383,013,國泰世華,TW,TWD,2025-10-16T17:43:22,
bank_001384,006,合作金庫,TW,TWD,2025-11-03T09:56:18,
bank_001385,005,土地銀行,TW,TWD,2025-11-09T15:00:13,
bank_001386,004,臺灣銀行,TW,TWD,2025-12-25T22:05:58,
bank_001387,005,土地銀行,TW,TWD,2025-11-06T12:05:28,
bank_001388,812,台新銀行,TW,TWD,2025-11-19T00:27:45,
bank_001389,013,國泰世華,TW,TWD,2025-07-24T10:18:41,
bank_001390,006,合作金庫,TW,TWD,2025-11-01T20:05:04,
bank_001391,004,臺灣銀行,TW,TWD,2025-07-26T02:52:24,
bank_001392,013,國泰世華,TW,TWD,2025-09-27T22:13:32,
bank_001393,005,土地銀行,TW,TWD,2025-07-05T08:57:10,
bank_001394,013,國泰世華,TW,TWD,2025-08-25T15:57:10,
bank_001395,013,國泰世華,JP,TWD,2025-12-26T15:31:24,
bank_001396,700,中華郵政,TW,TWD,2025-08-29T20:58:22,
bank_001397,005,土地銀行,TW,TWD,2025-09-09T17:59:04,
bank_001398,009,彰化銀行,TW,TWD,2025-08-18T13:45:27,
bank_001399,006,合作金庫,TW,TWD,2025-09-04T15:49:49,
bank_001400,008,華南銀行,TW,TWD,2025-08-13T21:48:51,
bank_001401,008,華南銀行,TW,TWD,2025-09-20T14:15:57,
bank_001402,004,臺灣銀行,TW,TWD,2025-10-06T22:34:03,
bank_001403,009,彰化銀行,TW,TWD,2025-07-15T21:44:01,
bank_001404,006,合作金庫,TW,TWD,2025-07-10T23:14:42,
bank_001405,008,華南銀行,TW,TWD,2025-08-04T07:18:37,
bank_001406,004,臺灣銀行,TW,TWD,2025-12-15T14:48:32,
bank_001407,009,彰化銀行,TW,TWD,2025-12-15T22:33:54,
bank_001408,700,中華郵政,TW,TWD,2025-08-17T13:11:03,
bank_001409,006,合作金庫,TW,TWD,2025-09-30T02:39:53,
bank_001410,700,中華郵政,TW,TWD,2025-10-29T23:04:36,
bank_001411,005,土地銀行,TW,TWD,2025-08-22T09:57:59,
bank_001412,812,台新銀行,TW,TWD,2025-08-06T14:37:12,
bank_001413,006,合作金庫,TW,TWD,2025-09-01T12:21:13,
bank_001414,700,中華郵政,TW,TWD,2025-11-15T15:53:41,
bank_001415,013,國泰世華,TW,TWD,2025-08-09T07:54:43,
bank_001416,005,土地銀行,SG,TWD,2025-12-07T15:44:56,
bank_001417,812,台新銀行,TW,TWD,2025-10-29T09:43:16,
bank_001418,009,彰化銀行,TW,TWD,2025-07-13T03:23:41,
bank_001419,009,彰化銀行,TW,TWD,2025-09-09T10:31:51,
bank_001420,700,中華郵政,TW,TWD,2025-12-09T17:07:42,
bank_001421,812,台新銀行,TW,TWD,2025-07-12T11:47:15,
bank_001422,005,土地銀行,TW,TWD,2025-11-24T11:02:01,
bank_001423,812,台新銀行,HK,TWD,2025-10-14T00:34:45,
bank_001424,013,國泰世華,TW,TWD,2025-11-02T10:10:53,
bank_001425,009,彰化銀行,TW,TWD,2025-11-10T11:47:51,
bank_001426,004,臺灣銀行,HK,TWD,2025-09-06T23:47:25,
bank_001427,009,彰化銀行,HK,TWD,2025-08-07T23:12:55,
bank_001428,005,土地銀行,TW,TWD,2025-08-27T19:50:42,
bank_001429,006,合作金庫,TW,TWD,2025-07-11T08:28:00,
bank_001430,004,臺灣銀行,TW,TWD,2025-12-28T08:15:35,
bank_001431,006,合作金庫,TW,TWD,2025-11-30T12:04:47,
bank_001432,008,華南銀行,TW,TWD,2025-07-13T09:17:07,
bank_001433,005,土地銀行,TW,TWD,2025-07-12T19:54:19,
bank_001434,700,中華郵政,TW,TWD,2025-08-26T10:48:10,
bank_001435,004,臺灣銀行,TW,TWD,2025-07-15T14:01:52,
bank_001436,004,臺灣銀行,TW,TWD,2025-11-11T16:37:47,
bank_001437,006,合作金庫,TW,TWD,2025-08-24T17:55:01,
bank_001438,013,國泰世華,TW,TWD,2025-11-03T22:54:55,
bank_001439,004,臺灣銀行,TW,TWD,2025-08-29T18:42:42,
bank_001440,013,國泰世華,TW,TWD,2025-12-21T13:15:21,
bank_001441,009,彰化銀行,TW,TWD,2025-11-08T04:56:44,
bank_001442,005,土地銀行,TW,TWD,2025-10-25T20:53:38,
bank_001443,812,台新銀行,TW,TWD,2025-10-08T03:45:33,
bank_001444,013,國泰世華,AE,TWD,2025-12-18T17:16:52,
bank_001445,006,合作金庫,TW,TWD,2025-11-17T15:06:59,
bank_001446,013,國泰世華,TW,TWD,2025-12-27T17:49:01,
bank_001447,004,臺灣銀行,TW,TWD,2025-08-16T16:15:07,
bank_001448,005,土地銀行,SG,TWD,2025-08-25T19:18:48,
bank_001449,700,中華郵政,SG,TWD,2025-07-29T13:16:28,
bank_001450,700,中華郵政,TW,TWD,2025-10-19T15:40:23,
bank_001451,006,合作金庫,TW,TWD,2025-10-27T16:28:17,
bank_001452,008,華南銀行,TW,TWD,2025-07-10T17:48:56,
bank_001453,008,華南銀行,TW,TWD,2025-07-21T10:22:44,
bank_001454,008,華南銀行,TW,TWD,2025-10-06T16:51:55,
bank_001455,013,國泰世華,TW,TWD,2025-09-17T10:08:53,
bank_001456,812,台新銀行,TW,TWD,2025-08-19T09:21:14,
bank_001457,005,土地銀行,TW,TWD,2025-11-03T17:13:42,
bank_001458,006,合作金庫,TW,TWD,2025-07-24T10:35:57,
bank_001459,006,合作金庫,TW,TWD,2025-12-01T16:25:49,
bank_001460,700,中華郵政,TW,TWD,2025-08-05T19:23:26,
bank_001461,006,合作金庫,TW,TWD,2025-11-23T12:56:59,
bank_001462,009,彰化銀行,TW,TWD,2025-09-18T21:05:44,
bank_001463,009,彰化銀行,TW,TWD,2025-07-19T23:56:56,
bank_001464,005,土地銀行,TW,TWD,2025-10-27T14:25:24,
bank_001465,009,彰化銀行,TW,TWD,2025-12-17T22:16:06,
bank_001466,008,華南銀行,TW,TWD,2025-07-30T12:54:00,
bank_001467,006,合作金庫,TW,TWD,2025-11-29T11:14:36,
bank_001468,004,臺灣銀行,TW,TWD,2025-07-12T11:16:42,
bank_001469,009,彰化銀行,TW,TWD,2025-12-14T17:00:52,
bank_001470,008,華南銀行,US,TWD,2026-01-01T23:59:00,
bank_001471,006,合作金庫,TW,TWD,2025-07-24T19:56:29,
bank_001472,812,台新銀行,TW,TWD,2025-10-20T20:46:25,
bank_001473,013,國泰世華,TW,TWD,2025-09-24T19:56:07,
bank_001474,013,國泰世華,TW,TWD,2025-12-12T14:39:25,
bank_001475,009,彰化銀行,TW,TWD,2025-09-14T21:02:09,
bank_001476,013,國泰世華,TW,TWD,2025-12-04T13:43:41,
bank_001477,812,台新銀行,TW,TWD,2025-12-02T17:14:09,
bank_001478,009,彰化銀行,GB,TWD,2025-10-17T18:43:44,
bank_001479,005,土地銀行,US,TWD,2025-09-13T17:02:05,
bank_001480,006,合作金庫,US,TWD,2025-11-17T04:55:27,
bank_001481,006,合作金庫,TW,TWD,2025-09-03T09:40:12,
bank_001482,009,彰化銀行,TW,TWD,2025-12-23T17:31:13,
bank_001483,006,合作金庫,TW,TWD,2025-12-06T07:15:14,
bank_001484,005,土地銀行,TW,TWD,2025-12-05T14:27:03,
bank_001485,008,華南銀行,AE,TWD,2025-12-09T22:13:29,
bank_001486,005,土地銀行,TW,TWD,2025-12-01T17:02:26,
bank_001487,812,台新銀行,SG,TWD,2025-11-10T17:19:29,
bank_001488,004,臺灣銀行,TW,TWD,2025-09-22T17:36:51,
bank_001489,005,土地銀行,TW,TWD,2025-09-29T04:15:10,
bank_001490,005,土地銀行,TW,TWD,2025-08-01T16:24:25,
bank_001491,013,國泰世華,TW,TWD,2025-09-04T12:24:24,
bank_001492,008,華南銀行,TW,TWD,2025-09-15T13:14:03,
bank_001493,005,土地銀行,TW,TWD,2025-11-02T01:43:39,
bank_001494,812,台新銀行,TW,TWD,2025-09-01T09:58:34,
bank_001495,700,中華郵政,TW,TWD,2025-11-25T13:53:14,
bank_001496,004,臺灣銀行,TW,TWD,2025-08-06T01:54:10,
bank_001497,008,華南銀行,TW,TWD,2025-09-15T18:26:03,
bank_001498,006,合作金庫,TW,TWD,2025-10-23T15:26:59,
bank_001499,812,台新銀行,TW,TWD,2025-08-04T03:37:05,
bank_001500,008,華南銀行,TW,TWD,2025-07-17T09:23:30,
bank_001501,013,國泰世華,TW,TWD,2025-12-10T12:55:08,
bank_001502,700,中華郵政,AE,TWD,2025-10-19T14:41:50,
bank_001503,008,華南銀行,HK,TWD,2025-10-21T23:10:10,
bank_001504,005,土地銀行,HK,TWD,2025-12-27T07:15:54,
bank_001505,812,台新銀行,TW,TWD,2025-10-07T17:24:05,
bank_001506,005,土地銀行,HK,TWD,2025-12-10T15:34:13,
bank_001507,005,土地銀行,HK,TWD,2025-10-14T21:53:11,
bank_001508,009,彰化銀行,TW,TWD,2025-09-08T20:01:45,
bank_001509,006,合作金庫,TW,TWD,2025-12-29T07:56:37,
bank_001510,004,臺灣銀行,TW,TWD,2025-11-23T17:28:32,
bank_001511,006,合作金庫,TW,TWD,2025-12-05T09:45:27,
bank_001512,006,合作金庫,TW,TWD,2025-10-19T07:34:13,
bank_001513,812,台新銀行,TW,TWD,2025-08-10T15:30:52,
bank_001514,013,國泰世華,US,TWD,2025-08-12T17:49:37,
bank_001515,013,國泰世華,US,TWD,2025-09-21T01:07:55,
bank_001516,004,臺灣銀行,TW,TWD,2025-11-15T20:34:20,
bank_001517,700,中華郵政,TW,TWD,2025-12-30T10:43:08,
bank_001518,700,中華郵政,TW,TWD,2025-11-25T23:22:43,
bank_001519,009,彰化銀行,TW,TWD,2025-08-15T01:17:54,
bank_001520,700,中華郵政,TW,TWD,2025-12-04T13:12:08,
bank_001521,700,中華郵政,TW,TWD,2025-09-23T13:23:46,
bank_001522,006,合作金庫,TW,TWD,2025-07-14T20:27:40,
bank_001523,008,華南銀行,TW,TWD,2025-11-19T11:26:46,
bank_001524,009,彰化銀行,JP,TWD,2025-12-02T13:04:24,
bank_001525,700,中華郵政,JP,TWD,2025-08-31T19:27:26,
bank_001526,700,中華郵政,TW,TWD,2025-12-22T09:24:08,
bank_001527,004,臺灣銀行,TW,TWD,2025-08-04T23:33:51,
bank_001528,004,臺灣銀行,TW,TWD,2025-08-01T09:08:03,
bank_001529,009,彰化銀行,TW,TWD,2025-11-29T07:41:09,
bank_001530,013,國泰世華,TW,TWD,2025-08-08T07:56:18,
bank_001531,700,中華郵政,TW,TWD,2025-08-16T17:17:10,
bank_001532,812,台新銀行,TW,TWD,2025-07-30T14:47:04,
bank_001533,009,彰化銀行,TW,TWD,2025-09-19T20:47:51,
bank_001534,008,華南銀行,TW,TWD,2025-09-06T20:44:31,
bank_001535,008,華南銀行,TW,TWD,2025-09-23T07:52:33,
bank_001536,013,國泰世華,TW,TWD,2025-10-05T14:43:03,
bank_001537,008,華南銀行,TW,TWD,2025-07-25T16:50:13,
bank_001538,004,臺灣銀行,TW,TWD,2025-11-24T07:13:34,
bank_001539,009,彰化銀行,TW,TWD,2025-07-18T12:38:14,
bank_001540,004,臺灣銀行,TW,TWD,2025-08-15T08:24:42,
bank_001541,009,彰化銀行,TW,TWD,2025-12-13T18:05:01,
bank_001542,004,臺灣銀行,TW,TWD,2025-07-11T18:59:01,
bank_001543,005,土地銀行,TW,TWD,2025-08-07T14:50:01,
bank_001544,009,彰化銀行,TW,TWD,2025-11-03T15:54:42,
bank_001545,005,土地銀行,TW,TWD,2025-12-13T13:48:37,
bank_001546,006,合作金庫,TW,TWD,2026-01-01T12:58:37,
bank_001547,700,中華郵政,TW,TWD,2025-10-11T08:14:09,
bank_001548,013,國泰世華,TW,TWD,2026-01-01T23:59:00,
bank_001549,013,國泰世華,TW,TWD,2025-12-18T10:48:14,
bank_001550,005,土地銀行,TW,TWD,2025-11-26T17:20:05,
bank_001551,005,土地銀行,TW,TWD,2025-11-22T20:17:54,
bank_001552,812,台新銀行,TW,TWD,2025-07-10T04:29:33,
bank_001553,812,台新銀行,TW,TWD,2025-08-25T11:35:49,
bank_001554,700,中華郵政,TW,TWD,2025-10-18T14:42:06,
bank_001555,008,華南銀行,TW,TWD,2025-07-16T11:57:18,
bank_001556,004,臺灣銀行,TW,TWD,2025-11-28T16:56:11,
bank_001557,700,中華郵政,HK,TWD,2025-11-25T22:16:33,
bank_001558,006,合作金庫,TW,TWD,2025-08-28T15:58:55,
bank_001559,005,土地銀行,TW,TWD,2025-09-23T23:19:43,
bank_001560,004,臺灣銀行,TW,TWD,2025-09-27T20:22:01,
bank_001561,004,臺灣銀行,TW,TWD,2025-10-17T11:58:09,
bank_001562,004,臺灣銀行,TW,TWD,2025-07-30T09:45:54,
bank_001563,006,合作金庫,TW,TWD,2025-09-14T12:37:22,
bank_001564,700,中華郵政,TW,TWD,2025-09-16T10:47:07,
bank_001565,008,華南銀行,TW,TWD,2025-10-24T20:38:08,
bank_001566,008,華南銀行,TW,TWD,2025-11-26T14:07:54,
bank_001567,812,台新銀行,TW,TWD,2025-09-23T21:22:26,
bank_001568,009,彰化銀行,TW,TWD,2025-12-28T11:19:25,
bank_001569,004,臺灣銀行,TW,TWD,2025-07-14T15:13:48,
bank_001570,004,臺灣銀行,TW,TWD,2025-12-03T16:59:13,
bank_001571,008,華南銀行,TW,TWD,2025-10-10T18:34:05,
bank_001572,006,合作金庫,TW,TWD,2025-11-22T08:09:44,
bank_001573,005,土地銀行,TW,TWD,2025-10-08T17:48:56,
bank_001574,009,彰化銀行,TW,TWD,2025-12-04T13:59:28,
bank_001575,004,臺灣銀行,TW,TWD,2025-07-12T15:06:58,
bank_001576,004,臺灣銀行,TW,TWD,2025-11-05T22:16:43,
bank_001577,700,中華郵政,TW,TWD,2025-10-22T12:06:58,
bank_001578,004,臺灣銀行,TW,TWD,2025-08-18T14:18:19,
bank_001579,009,彰化銀行,TW,TWD,2025-11-02T23:32:43,
bank_001580,009,彰化銀行,TW,TWD,2025-08-02T19:25:19,
bank_001581,005,土地銀行,TW,TWD,2025-08-04T13:55:19,
bank_001582,009,彰化銀行,TW,TWD,2025-10-26T21:48:46,
bank_001583,008,華南銀行,TW,TWD,2025-11-02T10:02:45,
bank_001584,700,中華郵政,TW,TWD,2025-12-14T13:23:09,
bank_001585,005,土地銀行,TW,TWD,2025-08-21T16:44:56,
bank_001586,008,華南銀行,SG,TWD,2025-11-09T14:03:15,
bank_001587,005,土地銀行,TW,TWD,2025-10-27T09:56:26,
bank_001588,013,國泰世華,TW,TWD,2025-11-25T04:11:51,
bank_001589,005,土地銀行,TW,TWD,2025-07-29T17:21:40,
bank_001590,006,合作金庫,TW,TWD,2025-10-25T16:46:11,
bank_001591,812,台新銀行,TW,TWD,2025-07-24T19:31:54,
bank_001592,004,臺灣銀行,TW,TWD,2025-09-12T15:36:56,
bank_001593,004,臺灣銀行,TW,TWD,2025-10-17T04:17:20,
bank_001594,009,彰化銀行,GB,TWD,2025-09-07T16:03:47,
bank_001595,812,台新銀行,GB,TWD,2025-08-03T20:41:24,
bank_001596,009,彰化銀行,TW,TWD,2025-09-08T12:49:53,
bank_001597,004,臺灣銀行,TW,TWD,2025-07-05T10:41:26,
bank_001598,812,台新銀行,TW,TWD,2025-10-26T08:32:23,
bank_001599,013,國泰世華,TW,TWD,2025-11-21T16:22:42,
bank_001600,700,中華郵政,TW,TWD,2025-11-04T19:53:23,
bank_001601,812,台新銀行,TW,TWD,2025-09-01T15:36:55,
bank_001602,009,彰化銀行,TW,TWD,2025-07-29T11:03:14,
bank_001603,006,合作金庫,TW,TWD,2025-08-12T15:27:49,
bank_001604,013,國泰世華,TW,TWD,2025-11-15T21:03:05,
bank_001605,700,中華郵政,AE,TWD,2025-11-11T16:45:47,
bank_001606,812,台新銀行,JP,TWD,2025-12-29T13:00:17,
bank_001607,812,台新銀行,TW,TWD,2025-11-25T11:14:52,
bank_001608,700,中華郵政,TW,TWD,2025-07-14T23:10:52,
bank_001609,005,土地銀行,TW,TWD,2025-08-23T00:59:37,
bank_001610,013,國泰世華,TW,TWD,2025-08-13T19:52:23,
bank_001611,006,合作金庫,TW,TWD,2025-08-05T02:46:40,
bank_001612,005,土地銀行,TW,TWD,2025-07-24T07:36:35,
bank_001613,004,臺灣銀行,TW,TWD,2025-10-05T04:49:28,
bank_001614,700,中華郵政,TW,TWD,2025-11-20T17:54:52,
bank_001615,005,土地銀行,TW,TWD,2025-09-28T21:22:48,
bank_001616,009,彰化銀行,TW,TWD,2025-12-01T09:30:07,
bank_001617,812,台新銀行,TW,TWD,2025-09-15T16:20:28,
bank_001618,008,華南銀行,TW,TWD,2025-10-24T16:00:40,
bank_001619,006,合作金庫,US,TWD,2025-10-13T23:03:07,
bank_001620,700,中華郵政,US,TWD,2025-08-27T19:58:05,
bank_001621,812,台新銀行,TW,TWD,2025-10-25T18:35:58,
bank_001622,700,中華郵政,TW,TWD,2025-12-15T12:20:17,
bank_001623,812,台新銀行,TW,TWD,2025-08-02T16:50:28,
bank_001624,004,臺灣銀行,TW,TWD,2025-09-12T20:53:44,
bank_001625,700,中華郵政,TW,TWD,2025-12-27T12:52:37,
bank_001626,008,華南銀行,TW,TWD,2025-10-12T11:55:49,
bank_001627,006,合作金庫,TW,TWD,2026-01-01T17:25:30,
bank_001628,004,臺灣銀行,TW,TWD,2025-08-05T16:29:55,
bank_001629,005,土地銀行,TW,TWD,2025-09-03T23:54:12,
bank_001630,700,中華郵政,TW,TWD,2025-09-08T10:17:06,
bank_001631,005,土地銀行,TW,TWD,2025-09-15T03:14:20,
bank_001632,005,土地銀行,TW,TWD,2025-11-06T11:42:06,
bank_001633,008,華南銀行,JP,TWD,2025-12-08T13:40:46,
bank_001634,005,土地銀行,TW,TWD,2025-11-29T17:03:45,
bank_001635,006,合作金庫,TW,TWD,2025-11-21T20:02:17,
bank_001636,006,合作金庫,US,TWD,2025-10-15T11:20:52,
bank_001637,013,國泰世華,GB,TWD,2025-11-19T21:22:46,
bank_001638,013,國泰世華,TW,TWD,2025-12-22T14:55:18,
bank_001639,004,臺灣銀行,TW,TWD,2025-10-30T23:23:53,
bank_001640,005,土地銀行,TW,TWD,2025-09-10T03:13:21,
bank_001641,008,華南銀行,TW,TWD,2025-12-25T21:51:09,
bank_001642,006,合作金庫,TW,TWD,2025-11-10T18:22:26,
bank_001643,009,彰化銀行,TW,TWD,2025-10-26T13:04:31,
bank_001644,004,臺灣銀行,TW,TWD,2025-12-12T18:32:54,
bank_001645,006,合作金庫,TW,TWD,2025-11-09T19:59:50,
bank_001646,006,合作金庫,TW,TWD,2025-09-11T22:05:29,
bank_001647,004,臺灣銀行,TW,TWD,2025-11-18T18:38:34,
bank_001648,005,土地銀行,TW,TWD,2025-10-14T16:43:06,
bank_001649,009,彰化銀行,TW,TWD,2025-11-16T15:59:26,
bank_001650,004,臺灣銀行,TW,TWD,2025-09-30T21:58:51,
bank_001651,013,國泰世華,TW,TWD,2025-08-07T17:17:44,
bank_001652,008,華南銀行,TW,TWD,2025-10-07T00:49:50,
bank_001653,006,合作金庫,TW,TWD,2025-07-22T15:27:00,
bank_001654,013,國泰世華,TW,TWD,2025-12-02T20:23:41,
bank_001655,005,土地銀行,TW,TWD,2025-10-18T11:12:21,
bank_001656,013,國泰世華,TW,TWD,2025-11-17T12:51:47,
bank_001657,009,彰化銀行,TW,TWD,2025-08-18T09:14:54,
bank_001658,812,台新銀行,TW,TWD,2025-12-03T13:47:32,
bank_001659,004,臺灣銀行,TW,TWD,2025-10-06T14:14:16,
bank_001660,700,中華郵政,TW,TWD,2025-11-08T13:49:52,
bank_001661,700,中華郵政,TW,TWD,2025-12-05T21:04:35,
bank_001662,812,台新銀行,JP,TWD,2025-12-08T15:54:56,
bank_001663,013,國泰世華,JP,TWD,2025-07-21T14:32:13,
bank_001664,812,台新銀行,TW,TWD,2025-09-23T00:06:27,
bank_001665,004,臺灣銀行,HK,TWD,2025-08-07T16:52:02,
bank_001666,006,合作金庫,TW,TWD,2025-12-24T11:55:50,
bank_001667,008,華南銀行,TW,TWD,2025-08-18T02:53:03,
bank_001668,013,國泰世華,TW,TWD,2025-08-12T18:40:42,
bank_001669,005,土地銀行,TW,TWD,2025-07-31T17:04:53,
bank_001670,700,中華郵政,TW,TWD,2025-12-10T07:45:46,
bank_001671,004,臺灣銀行,TW,TWD,2025-07-17T20:57:31,
bank_001672,013,國泰世華,TW,TWD,2025-10-23T17:37:02,
bank_001673,006,合作金庫,TW,TWD,2025-09-02T11:06:14,
bank_001674,812,台新銀行,TW,TWD,2025-10-24T12:45:37,
bank_001675,005,土地銀行,TW,TWD,2025-12-07T15:07:46,
bank_001676,008,華南銀行,TW,TWD,2025-08-20T11:58:12,
bank_001677,013,國泰世華,TW,TWD,2025-07-23T16:57:15,
bank_001678,005,土地銀行,TW,TWD,2025-08-10T04:23:15,
bank_001679,700,中華郵政,TW,TWD,2025-12-07T10:04:00,
bank_001680,005,土地銀行,US,TWD,2025-10-31T16:16:00,
bank_001681,013,國泰世華,TW,TWD,2025-11-07T22:43:34,
bank_001682,004,臺灣銀行,TW,TWD,2025-08-20T23:42:44,
bank_001683,006,合作金庫,TW,TWD,2025-10-01T12:27:14,
bank_001684,013,國泰世華,TW,TWD,2025-12-28T17:20:08,
bank_001685,009,彰化銀行,US,TWD,2025-09-28T07:46:22,
bank_001686,005,土地銀行,AE,TWD,2025-09-20T10:45:34,
bank_001687,008,華南銀行,TW,TWD,2025-12-26T16:42:46,
bank_001688,005,土地銀行,TW,TWD,2025-11-05T13:46:26,
bank_001689,005,土地銀行,TW,TWD,2025-09-25T14:34:01,
bank_001690,009,彰化銀行,TW,TWD,2025-07-25T13:57:11,
bank_001691,812,台新銀行,TW,TWD,2025-11-02T03:05:12,
bank_001692,013,國泰世華,TW,TWD,2025-07-11T17:17:26,
bank_001693,004,臺灣銀行,TW,TWD,2025-10-19T11:59:51,
bank_001694,006,合作金庫,TW,TWD,2025-11-11T17:38:29,
bank_001695,004,臺灣銀行,TW,TWD,2025-08-17T12:49:28,
bank_001696,812,台新銀行,TW,TWD,2025-12-20T21:43:30,
bank_001697,013,國泰世華,HK,TWD,2025-08-01T07:51:31,
bank_001698,013,國泰世華,TW,TWD,2025-11-20T12:39:07,
bank_001699,008,華南銀行,TW,TWD,2025-11-23T21:21:56,
bank_001700,006,合作金庫,TW,TWD,2025-10-13T22:11:33,
bank_001701,006,合作金庫,TW,TWD,2025-10-12T12:55:29,
bank_001702,006,合作金庫,TW,TWD,2025-09-19T16:54:28,
bank_001703,006,合作金庫,TW,TWD,2025-08-19T21:51:05,
bank_001704,700,中華郵政,TW,TWD,2025-11-20T12:29:43,
bank_001705,006,合作金庫,TW,TWD,2025-11-21T10:07:31,
bank_001706,700,中華郵政,TW,TWD,2025-11-24T07:24:50,
bank_001707,812,台新銀行,TW,TWD,2025-12-15T16:30:20,
bank_001708,700,中華郵政,TW,TWD,2025-08-01T22:13:34,
bank_001709,005,土地銀行,TW,TWD,2025-09-16T10:31:01,
bank_001710,008,華南銀行,TW,TWD,2025-08-20T10:21:24,
bank_001711,009,彰化銀行,TW,TWD,2025-12-26T11:52:29,
bank_001712,005,土地銀行,TW,TWD,2025-11-29T19:18:46,
bank_001713,005,土地銀行,TW,TWD,2025-09-13T02:17:49,
bank_001714,006,合作金庫,TW,TWD,2025-12-05T21:58:14,
bank_001715,812,台新銀行,TW,TWD,2025-07-28T16:05:41,
bank_001716,008,華南銀行,TW,TWD,2025-09-02T12:49:40,
bank_001717,700,中華郵政,TW,TWD,2025-10-20T17:30:01,
bank_001718,008,華南銀行,TW,TWD,2025-08-11T02:12:08,
bank_001719,700,中華郵政,TW,TWD,2025-08-22T23:08:03,
bank_001720,006,合作金庫,TW,TWD,2025-11-10T09:52:38,scn_000005
bank_001721,008,華南銀行,TW,TWD,2025-08-06T17:31:51,scn_000006
