link_id,user_id,bank_account_id,is_primary,linked_at
ubl_000001,usr_000001,bank_000001,1,2026-01-01T11:44:12
ubl_000002,usr_000002,bank_000002,1,2025-12-17T20:32:39
ubl_000003,usr_000003,bank_000003,1,2025-12-25T15:35:29
ubl_000004,usr_000003,bank_000004,0,2025-12-28T11:03:17
ubl_000005,usr_000004,bank_000005,1,2025-12-25T19:23:46
ubl_000006,usr_000005,bank_000006,1,2025-12-28T17:17:21
ubl_000007,usr_000006,bank_000007,1,2025-12-15T15:12:15
ubl_000008,usr_000007,bank_000008,1,2025-12-22T18:35:08
ubl_000009,usr_000007,bank_000009,0,2025-12-27T13:52:38
ubl_000010,usr_000008,bank_000010,1,2025-12-17T19:13:38
ubl_000011,usr_000009,bank_000011,1,2025-12-22T01:06:11
ubl_000012,usr_000010,bank_000012,1,2025-12-29T22:08:26
ubl_000013,usr_000011,bank_000013,1,2025-12-31T14:55:49
ubl_000014,usr_000011,bank_000014,0,2026-01-01T23:59:00
ubl_000015,usr_000012,bank_000015,1,2025-12-19T16:38:58
ubl_000016,usr_000013,bank_000016,1,2025-12-28T13:59:48
ubl_000017,usr_000014,bank_000017,1,2025-12-31T17:54:01
ubl_000018,usr_000015,bank_000018,1,2025-12-27T21:59:24
ubl_000019,usr_000016,bank_000019,1,2025-12-14T11:24:07
ubl_000020,usr_000017,bank_000020,1,2025-12-21T01:28:13
ubl_000021,usr_000018,bank_000021,1,2025-12-27T23:38:28
ubl_000022,usr_000019,bank_000022,1,2025-12-17T16:22:20
ubl_000023,usr_000020,bank_000023,1,2025-12-29T19:08:57
ubl_000024,usr_000021,bank_000024,1,2025-12-12T03:17:24
ubl_000025,usr_000021,bank_000025,0,2025-12-29T15:09:54
ubl_000026,usr_000022,bank_000026,1,2025-12-30T12:22:52
ubl_000027,usr_000023,bank_000027,1,2025-12-30T08:55:44
ubl_000028,usr_000024,bank_000028,1,2025-12-23T13:05:20
ubl_000029,usr_000024,bank_000029,0,2025-12-18T20:39:56
ubl_000030,usr_000025,bank_000030,1,2025-12-29T21:26:03
ubl_000031,usr_000026,bank_000031,1,2025-12-30T12:04:15
ubl_000032,usr_000026,bank_000032,0,2025-12-22T07:20:21
ubl_000033,usr_000027,bank_000033,1,2025-12-12T22:15:26
ubl_000034,usr_000027,bank_000034,0,2025-12-29T10:25:33
ubl_000035,usr_000028,bank_000035,1,2025-12-30T12:53:59
ubl_000036,usr_000028,bank_000036,0,2025-12-31T14:56:10
ubl_000037,usr_000029,bank_000037,1,2025-12-15T14:38:52
ubl_000038,usr_000029,bank_000038,0,2025-12-17T08:42:57
ubl_000039,usr_000030,bank_000039,1,2026-01-01T23:59:00
ubl_000040,usr_000031,bank_000040,1,2025-12-30T23:01:05
ubl_000041,usr_000032,bank_000041,1,2025-12-15T16:43:05
ubl_000042,usr_000033,bank_000042,1,2025-12-30T19:09:38
ubl_000043,usr_000034,bank_000043,1,2025-12-23T17:59:08
ubl_000044,usr_000035,bank_000044,1,2025-12-15T13:55:10
ubl_000045,usr_000035,bank_000045,0,2025-12-13T09:58:57
ubl_000046,usr_000036,bank_000046,1,2025-12-29T07:51:46
ubl_000047,usr_000036,bank_000047,0,2025-12-15T00:29:05
ubl_000048,usr_000037,bank_000048,1,2025-12-18T07:21:12
ubl_000049,usr_000038,bank_000049,1,2025-12-14T18:28:37
ubl_000050,usr_000039,bank_000050,1,2025-12-19T20:27:11
ubl_000051,usr_000040,bank_000051,1,2025-12-31T17:37:28
ubl_000052,usr_000041,bank_000052,1,2025-12-24T07:59:10
ubl_000053,usr_000041,bank_000053,0,2025-12-31T22:57:32
ubl_000054,usr_000042,bank_000054,1,2025-12-26T17:51:42
ubl_000055,usr_000042,bank_000055,0,2025-12-25T20:53:39
ubl_000056,usr_000043,bank_000056,1,2025-12-19T14:08:16
ubl_000057,usr_000044,bank_000057,1,2025-12-20T15:06:25
ubl_000058,usr_000045,bank_000058,1,2025-12-20T09:26:33
ubl_000059,usr_000045,bank_000059,0,2025-12-24T13:34:27
ubl_000060,usr_000046,bank_000060,1,2025-12-31T17:35:51
ubl_000061,usr_000046,bank_000061,0,2026-01-01T09:20:23
ubl_000062,usr_000047,bank_000062,1,2025-12-31T08:15:54
ubl_000063,usr_000047,bank_000063,0,2026-01-01T14:21:44
ubl_000064,usr_000048,bank_000064,1,2025-12-15T09:34:51
ubl_000065,usr_000049,bank_000065,1,2025-12-24T22:03:29
ubl_000066,usr_000050,bank_000066,1,2025-12-18T10:18:49
ubl_000067,usr_000051,bank_000067,1,2025-12-29T12:17:39
ubl_000068,usr_000052,bank_000068,1,2025-12-20T23:24:51
ubl_000069,usr_000053,bank_000069,1,2026-01-01T14:10:33
ubl_000070,usr_000053,bank_000070,0,2026-01-01T14:01:25
ubl_000071,usr_000054,bank_000071,1,2025-12-18T17:05:18
ubl_000072,usr_000055,bank_000072,1,2025-12-14T23:53:57
ubl_000073,usr_000055,bank_000073,0,2025-12-15T17:59:58
ubl_000074,usr_000056,bank_000074,1,2025-12-26T18:44:38
ubl_000075,usr_000057,bank_000075,1,2025-12-14T19:31:18
ubl_000076,usr_000057,bank_000076,0,2026-01-01T23:59:00
ubl_000077,usr_000058,bank_000077,1,2025-12-13T12:52:08
ubl_000078,usr_000058,bank_000078,0,2025-12-29T16:56:50
ubl_000079,usr_000059,bank_000079,1,2025-12-26T08:12:02
ubl_000080,usr_000059,bank_000080,0,2026-01-01T23:59:00
ubl_000081,usr_000060,bank_000081,1,2025-12-29T21:14:43
ubl_000082,usr_000060,bank_000082,0,2025-12-23T15:48:56
ubl_000083,usr_000060,bank_000083,0,2025-12-13T13:34:27
ubl_000084,usr_000061,bank_000084,1,2025-12-22T10:40:44
ubl_000085,usr_000062,bank_000085,1,2025-12-15T23:12:54
ubl_000086,usr_000063,bank_000086,1,2025-12-25T09:04:04
ubl_000087,usr_000064,bank_000087,1,2025-12-14T16:28:30
ubl_000088,usr_000065,bank_000088,1,2026-01-01T15:44:49
ubl_000089,usr_000065,bank_000089,0,2025-12-15T07:36:02
ubl_000090,usr_000066,bank_000090,1,2025-12-19T17:56:11
ubl_000091,usr_000067,bank_000091,1,2025-12-28T14:46:00
ubl_000092,usr_000067,bank_000092,0,2025-12-28T15:23:21
ubl_000093,usr_000068,bank_000093,1,2025-12-21T23:06:32
ubl_000094,usr_000069,bank_000094,1,2025-12-12T08:03:17
ubl_000095,usr_000070,bank_000095,1,2025-12-27T07:23:25
ubl_000096,usr_000071,bank_000096,1,2025-12-19T13:00:19
ubl_000097,usr_000072,bank_000097,1,2025-12-31T14:16:14
ubl_001728,usr_000072,bank_001721,0,2026-01-29T09:16:51
ubl_000098,usr_000073,bank_000098,1,2025-12-26T21:58:44
ubl_000099,usr_000074,bank_000099,1,2025-12-23T07:36:21
ubl_000100,usr_000074,bank_000100,0,2025-12-24T13:50:23
ubl_000101,usr_000075,bank_000101,1,2025-12-18T18:28:36
ubl_000102,usr_000075,bank_000102,0,2026-01-01T23:59:00
ubl_000103,usr_000076,bank_000103,1,2025-12-26T12:36:27
ubl_000104,usr_000076,bank_000104,0,2025-12-12T07:41:52
ubl_000105,usr_000077,bank_000105,1,2025-12-15T19:48:25
ubl_001726,usr_000077,bank_001721,0,2026-01-29T09:16:51
ubl_000106,usr_000078,bank_000106,1,2025-12-26T15:12:57
ubl_000107,usr_000079,bank_000107,1,2025-12-17T19:24:02
ubl_000108,usr_000080,bank_000108,1,2025-12-18T01:09:10
ubl_000109,usr_000081,bank_000109,1,2025-12-29T00:41:35
ubl_000110,usr_000082,bank_000110,1,2025-12-29T17:11:03
ubl_000111,usr_000082,bank_000111,0,2025-12-25T00:04:39
ubl_000112,usr_000083,bank_000112,1,2025-12-22T11:32:43
ubl_000113,usr_000083,bank_000113,0,2025-12-15T13:53:01
ubl_000114,usr_000084,bank_000114,1,2025-12-23T11:16:54
ubl_000115,usr_000084,bank_000115,0,2025-12-19T11:37:47
ubl_000116,usr_000085,bank_000116,1,2025-12-21T14:36:59
ubl_000117,usr_000086,bank_000117,1,2025-12-23T17:37:08
ubl_000118,usr_000086,bank_000118,0,2025-12-30T13:24:59
ubl_000119,usr_000087,bank_000119,1,2025-12-13T20:56:11
ubl_000120,usr_000087,bank_000120,0,2025-12-19T14:18:11
ubl_000121,usr_000088,bank_000121,1,2025-12-29T20:03:10
ubl_000122,usr_000089,bank_000122,1,2025-12-15T21:50:29
ubl_000123,usr_000090,bank_000123,1,2025-12-29T11:51:37
ubl_000124,usr_000091,bank_000124,1,2025-12-22T11:11:09
ubl_000125,usr_000091,bank_000125,0,2025-12-29T13:58:32
ubl_000126,usr_000092,bank_000126,1,2025-12-19T13:06:37
ubl_000127,usr_000093,bank_000127,1,2025-12-28T21:32:38
ubl_000128,usr_000093,bank_000128,0,2025-12-12T22:43:24
ubl_000129,usr_000094,bank_000129,1,2025-12-17T09:07:04
ubl_000130,usr_000094,bank_000130,0,2025-12-22T23:37:25
ubl_000131,usr_000095,bank_000131,1,2025-12-19T19:04:52
ubl_000132,usr_000095,bank_000132,0,2025-12-14T13:32:42
ubl_000133,usr_000096,bank_000133,1,2025-12-22T17:47:24
ubl_000134,usr_000097,bank_000134,1,2025-12-28T08:32:44
ubl_000135,usr_000097,bank_000135,0,2025-12-25T11:47:44
ubl_000136,usr_000097,bank_000136,0,2025-12-18T22:21:12
ubl_000137,usr_000098,bank_000137,1,2025-12-29T01:56:55
ubl_000138,usr_000099,bank_000138,1,2025-12-15T22:46:14
ubl_000139,usr_000099,bank_000139,0,2025-12-14T13:45:48
ubl_000140,usr_000100,bank_000140,1,2025-12-16T21:23:44
ubl_000141,usr_000101,bank_000141,1,2025-12-22T16:37:34
ubl_000142,usr_000101,bank_000142,0,2025-12-20T11:50:38
ubl_000143,usr_000101,bank_000143,0,2025-12-12T12:07:53
ubl_000144,usr_000102,bank_000144,1,2025-12-15T14:55:15
ubl_000145,usr_000103,bank_000145,1,2025-12-30T10:58:46
ubl_000146,usr_000104,bank_000146,1,2025-12-17T08:34:14
ubl_000147,usr_000105,bank_000147,1,2025-12-31T13:45:43
ubl_000148,usr_000106,bank_000148,1,2025-12-23T13:49:09
ubl_000149,usr_000106,bank_000149,0,2025-12-21T10:07:22
ubl_000150,usr_000107,bank_000150,1,2025-12-29T08:30:34
ubl_000151,usr_000108,bank_000151,1,2025-12-24T04:51:25
ubl_000152,usr_000108,bank_000152,0,2025-12-30T13:56:24
ubl_000153,usr_000109,bank_000153,1,2025-12-28T17:57:53
ubl_000154,usr_000110,bank_000154,1,2025-12-20T18:50:17
ubl_000155,usr_000111,bank_000155,1,2025-12-30T12:53:06
ubl_000156,usr_000111,bank_000156,0,2025-12-29T21:37:13
ubl_000157,usr_000112,bank_000157,1,2025-12-13T20:13:45
ubl_000158,usr_000113,bank_000158,1,2025-12-19T09:55:24
ubl_000159,usr_000114,bank_000159,1,2025-12-28T09:16:04
ubl_000160,usr_000115,bank_000160,1,2025-12-26T20:48:22
ubl_000161,usr_000115,bank_000161,0,2025-12-29T21:08:54
ubl_000162,usr_000116,bank_000162,1,2025-12-31T20:12:32
ubl_000163,usr_000116,bank_000163,0,2025-12-23T12:02:59
ubl_000164,usr_000117,bank_000164,1,2025-12-24T04:26:13
ubl_000165,usr_000117,bank_000165,0,2025-12-16T11:16:53
ubl_000166,usr_000118,bank_000166,1,2025-12-13T08:08:21
ubl_000167,usr_000119,bank_000167,1,2025-12-25T21:07:36
ubl_000168,usr_000120,bank_000168,1,2025-12-21T21:51:53
ubl_000169,usr_000121,bank_000169,1,2025-12-28T13:29:16
ubl_000170,usr_000121,bank_000170,0,2025-12-29T04:07:36
ubl_000171,usr_000122,bank_000171,1,2025-12-16T20:57:21
ubl_000172,usr_000122,bank_000172,0,2025-12-12T14:15:50
ubl_000173,usr_000123,bank_000173,1,2025-12-29T13:24:15
ubl_000174,usr_000123,bank_000174,0,2025-12-19T11:46:53
ubl_000175,usr_000124,bank_000175,1,2025-12-13T13:56:41
ubl_000176,usr_000125,bank_000176,1,2025-12-15T16:26:04
ubl_000177,usr_000126,bank_000177,1,2026-01-01T13:05:08
ubl_000178,usr_000127,bank_000178,1,2025-12-27T04:10:10
ubl_000179,usr_000127,bank_000179,0,2026-01-01T23:59:00
ubl_000180,usr_000128,bank_000180,1,2025-12-25T21:35:09
ubl_000181,usr_000128,bank_000181,0,2025-12-31T20:10:22
ubl_000182,usr_000129,bank_000182,1,2025-12-24T10:00:52
ubl_000183,usr_000130,bank_000183,1,2025-12-30T23:35:26
ubl_000184,usr_000130,bank_000184,0,2025-12-16T20:43:45
ubl_000185,usr_000131,bank_000185,1,2025-12-26T11:45:14
ubl_000186,usr_000132,bank_000186,1,2025-12-29T13:29:55
ubl_000187,usr_000132,bank_000187,0,2025-12-21T17:08:13
ubl_000188,usr_000133,bank_000188,1,2025-12-13T21:57:19
ubl_000189,usr_000134,bank_000189,1,2025-12-31T18:52:00
ubl_000190,usr_000134,bank_000190,0,2025-12-14T16:23:48
ubl_000191,usr_000135,bank_000191,1,2025-12-22T18:08:34
ubl_000192,usr_000136,bank_000192,1,2025-12-27T12:33:01
ubl_000193,usr_000136,bank_000193,0,2025-12-28T23:29:42
ubl_000194,usr_000137,bank_000194,1,2025-12-27T12:22:38
ubl_000195,usr_000138,bank_000195,1,2025-12-26T10:32:38
ubl_000196,usr_000139,bank_000196,1,2025-12-27T11:31:06
ubl_000197,usr_000139,bank_000197,0,2025-12-29T13:17:53
ubl_000198,usr_000140,bank_000198,1,2025-12-26T17:01:58
ubl_000199,usr_000141,bank_000199,1,2025-12-30T10:48:59
ubl_000200,usr_000142,bank_000200,1,2025-12-13T10:45:26
ubl_000201,usr_000143,bank_000201,1,2025-12-20T15:58:02
ubl_000202,usr_000144,bank_000202,1,2025-12-12T18:22:36
ubl_000203,usr_000144,bank_000203,0,2025-12-14T07:28:49
ubl_000204,usr_000145,bank_000204,1,2025-12-16T14:04:44
ubl_000205,usr_000146,bank_000205,1,2025-12-16T07:19:15
ubl_000206,usr_000146,bank_000206,0,2025-12-26T13:29:38
ubl_000207,usr_000147,bank_000207,1,2025-12-17T12:55:49
ubl_000208,usr_000147,bank_000208,0,2025-12-17T09:00:48
ubl_000209,usr_000148,bank_000209,1,2025-12-25T11:30:53
ubl_000210,usr_000149,bank_000210,1,2025-12-20T16:47:26
ubl_000211,usr_000150,bank_000211,1,2025-12-14T02:08:12
ubl_000212,usr_000151,bank_000212,1,2025-12-22T10:01:05
ubl_000213,usr_000152,bank_000213,1,2025-12-25T20:04:41
ubl_000214,usr_000152,bank_000214,0,2025-12-22T13:30:47
ubl_000215,usr_000153,bank_000215,1,2025-12-24T10:53:41
ubl_000216,usr_000153,bank_000216,0,2025-12-16T21:48:14
ubl_000217,usr_000154,bank_000217,1,2025-12-25T07:14:45
ubl_000218,usr_000155,bank_000218,1,2025-12-17T23:39:55
ubl_000219,usr_000156,bank_000219,1,2025-12-13T21:48:10
ubl_000220,usr_000157,bank_000220,1,2025-12-17T08:56:05
ubl_000221,usr_000157,bank_000221,0,2025-12-12T09:49:36
ubl_000222,usr_000158,bank_000222,1,2025-12-28T18:24:40
ubl_000223,usr_000158,bank_000223,0,2025-12-22T22:37:55
ubl_000224,usr_000159,bank_000224,1,2025-12-26T08:33:10
ubl_000225,usr_000159,bank_000225,0,2025-12-28T11:42:54
ubl_000226,usr_000160,bank_000226,1,2025-12-19T14:03:40
ubl_000227,usr_000161,bank_000227,1,2025-12-12T12:14:29
ubl_000228,usr_000162,bank_000228,1,2025-12-13T17:29:38
ubl_000229,usr_000163,bank_000229,1,2025-12-23T15:58:56
ubl_000230,usr_000164,bank_000230,1,2025-12-21T23:14:54
ubl_000231,usr_000164,bank_000231,0,2025-12-21T08:33:51
ubl_000232,usr_000164,bank_000232,0,2025-12-30T14:41:20
ubl_000233,usr_000165,bank_000233,1,2025-12-12T14:26:06
ubl_000234,usr_000166,bank_000234,1,2025-12-18T11:31:22
ubl_000235,usr_000166,bank_000235,0,2026-01-01T23:59:00
ubl_000236,usr_000167,bank_000236,1,2025-12-29T20:05:30
ubl_000237,usr_000168,bank_000237,1,2025-12-24T10:52:30
ubl_000238,usr_000168,bank_000238,0,2025-12-12T20:57:19
ubl_000239,usr_000169,bank_000239,1,2025-12-18T20:46:26
ubl_000240,usr_000169,bank_000240,0,2025-12-21T11:32:58
ubl_000241,usr_000170,bank_000241,1,2025-12-29T08:51:25
ubl_000242,usr_000171,bank_000242,1,2025-12-14T16:04:52
ubl_000243,usr_000172,bank_000243,1,2025-12-24T11:21:59
ubl_000244,usr_000173,bank_000244,1,2025-12-31T12:44:12
ubl_000245,usr_000174,bank_000245,1,2025-12-21T19:32:05
ubl_000246,usr_000175,bank_000246,1,2025-12-24T08:22:51
ubl_000247,usr_000175,bank_000247,0,2025-12-18T18:28:14
ubl_000248,usr_000176,bank_000248,1,2025-12-24T14:21:24
ubl_000249,usr_000176,bank_000249,0,2025-12-27T16:35:29
ubl_000250,usr_000177,bank_000250,1,2026-01-01T23:59:00
ubl_000251,usr_000177,bank_000251,0,2025-12-17T21:24:39
ubl_000252,usr_000178,bank_000252,1,2025-12-14T15:09:56
ubl_000253,usr_000179,bank_000253,1,2025-12-31T15:32:50
ubl_000254,usr_000179,bank_000254,0,2025-12-13T17:45:19
ubl_000255,usr_000180,bank_000255,1,2025-12-28T15:47:39
ubl_000256,usr_000181,bank_000256,1,2025-12-18T22:45:58
ubl_000257,usr_000182,bank_000257,1,2025-12-20T13:25:19
ubl_000258,usr_000183,bank_000258,1,2025-12-24T17:48:22
ubl_000259,usr_000183,bank_000259,0,2025-12-25T11:03:24
ubl_000260,usr_000184,bank_000260,1,2025-12-13T20:51:59
ubl_000261,usr_000184,bank_000261,0,2025-12-13T09:46:03
ubl_000262,usr_000185,bank_000262,1,2025-12-27T12:36:16
ubl_000263,usr_000186,bank_000263,1,2025-12-27T14:29:23
ubl_000264,usr_000187,bank_000264,1,2025-12-24T20:10:29
ubl_000265,usr_000188,bank_000265,1,2025-12-25T19:08:29
ubl_000266,usr_000189,bank_000266,1,2025-12-20T10:26:31
ubl_000267,usr_000190,bank_000267,1,2025-12-28T17:41:50
ubl_000268,usr_000191,bank_000268,1,2025-12-19T18:26:31
ubl_000269,usr_000192,bank_000269,1,2025-12-18T14:07:20
ubl_000270,usr_000193,bank_000270,1,2025-12-25T00:04:27
ubl_000271,usr_000194,bank_000271,1,2025-12-19T13:05:24
ubl_000272,usr_000195,bank_000272,1,2025-12-14T13:57:06
ubl_000273,usr_000195,bank_000273,0,2025-12-13T20:52:35
ubl_000274,usr_000196,bank_000274,1,2025-12-26T10:26:26
ubl_000275,usr_000197,bank_000275,1,2025-12-27T22:04:20
ubl_000276,usr_000198,bank_000276,1,2025-12-20T20:38:02
ubl_000277,usr_000198,bank_000277,0,2025-12-17T20:21:04
ubl_000278,usr_000199,bank_000278,1,2025-12-30T12:28:31
ubl_000279,usr_000200,bank_000279,1,2025-12-12T10:52:37
ubl_000280,usr_000201,bank_000280,1,2025-12-25T11:20:04
ubl_000281,usr_000202,bank_000281,1,2025-12-14T08:16:34
ubl_000282,usr_000203,bank_000282,1,2025-12-20T14:27:12
ubl_000283,usr_000204,bank_000283,1,2025-12-22T11:17:31
ubl_000284,usr_000204,bank_000284,0,2025-12-28T10:26:19
ubl_000285,usr_000205,bank_000285,1,2026-01-01T12:20:17
ubl_000286,usr_000205,bank_000286,0,2025-12-25T15:01:26
ubl_000287,usr_000206,bank_000287,1,2025-12-24T08:49:53
ubl_000288,usr_000206,bank_000288,0,2025-12-27T00:35:57
ubl_000289,usr_000207,bank_000289,1,2025-12-29T13:14:38
ubl_000290,usr_000207,bank_000290,0,2025-12-23T22:01:07
ubl_000291,usr_000208,bank_000291,1,2025-12-27T11:04:16
ubl_000292,usr_000209,bank_000292,1,2025-12-30T00:31:53
ubl_000293,usr_000210,bank_000293,1,2025-12-26T20:20:08
ubl_000294,usr_000211,bank_000294,1,2025-12-24T09:52:22
ubl_000295,usr_000212,bank_000295,1,2025-12-22T13:42:58
ubl_000296,usr_000212,bank_000296,0,2025-12-16T19:28:40
ubl_000297,usr_000213,bank_000297,1,2025-12-15T18:40:52
ubl_000298,usr_000214,bank_000298,1,2025-12-23T04:38:19
ubl_000299,usr_000215,bank_000299,1,2026-01-01T23:59:00
ubl_000300,usr_000216,bank_000300,1,2025-12-29T11:43:14
ubl_000301,usr_000217,bank_000301,1,2025-12-13T20:57:09
ubl_000302,usr_000217,bank_000302,0,2025-12-22T12:14:28
ubl_000303,usr_000218,bank_000303,1,2025-12-27T19:20:51
ubl_000304,usr_000219,bank_000304,1,2026-01-01T23:59:00
ubl_000305,usr_000219,bank_000305,0,2025-12-22T17:08:33
ubl_000306,usr_000220,bank_000306,1,2025-12-15T16:15:13
ubl_000307,usr_000221,bank_000307,1,2025-12-29T20:21:24
ubl_000308,usr_000222,bank_000308,1,2026-01-01T15:03:26
ubl_000309,usr_000223,bank_000309,1,2025-12-22T19:36:48
ubl_000310,usr_000223,bank_000310,0,2025-12-20T15:42:40
ubl_000311,usr_000224,bank_000311,1,2025-12-19T01:31:53
ubl_000312,usr_000224,bank_000312,0,2025-12-27T02:33:28
ubl_000313,usr_000225,bank_000313,1,2025-12-16T17:33:18
ubl_000314,usr_000226,bank_000314,1,2026-01-01T23:59:00
ubl_000315,usr_000227,bank_000315,1,2025-12-25T22:08:01
ubl_000316,usr_000228,bank_000316,1,2025-12-13T11:22:25
ubl_000317,usr_000229,bank_000317,1,2025-12-24T15:47:45
ubl_000318,usr_000229,bank_000318,0,2025-12-13T18:21:34
ubl_000319,usr_000230,bank_000319,1,2025-12-13T08:55:33
ubl_000320,usr_000231,bank_000320,1,2025-12-13T23:54:17
ubl_000321,usr_000232,bank_000321,1,2025-12-21T03:43:45
ubl_000322,usr_000232,bank_000322,0,2025-12-17T07:37:04
ubl_000323,usr_000233,bank_000323,1,2025-12-18T11:38:11
ubl_000324,usr_000234,bank_000324,1,2025-12-21T21:50:01
ubl_000325,usr_000235,bank_000325,1,2025-12-30T15:28:33
ubl_000326,usr_000236,bank_000326,1,2025-12-20T18:55:22
ubl_000327,usr_000237,bank_000327,1,2025-12-23T17:46:06
ubl_000328,usr_000237,bank_000328,0,2025-12-28T14:55:57
ubl_000329,usr_000238,bank_000329,1,2025-12-22T07:58:45
ubl_000330,usr_000239,bank_000330,1,2025-12-31T19:33:28
ubl_000331,usr_000239,bank_000331,0,2026-01-01T08:37:12
ubl_000332,usr_000240,bank_000332,1,2026-01-01T12:51:16
ubl_000333,usr_000240,bank_000333,0,2025-12-30T12:30:50
ubl_000334,usr_000241,bank_000334,1,2025-12-19T20:41:35
ubl_000335,usr_000241,bank_000335,0,2025-12-18T14:53:19
ubl_000336,usr_000242,bank_000336,1,2025-12-31T09:25:29
ubl_000337,usr_000243,bank_000337,1,2025-12-13T23:44:40
ubl_000338,usr_000243,bank_000338,0,2025-12-29T08:21:14
ubl_000339,usr_000244,bank_000339,1,2025-12-29T20:22:18
ubl_000340,usr_000245,bank_000340,1,2025-12-20T19:48:27
ubl_000341,usr_000245,bank_000341,0,2026-01-01T12:00:37
ubl_000342,usr_000246,bank_000342,1,2026-01-01T23:59:00
ubl_000343,usr_000246,bank_000343,0,2025-12-13T19:35:11
ubl_000344,usr_000247,bank_000344,1,2026-01-01T23:59:00
ubl_000345,usr_000247,bank_000345,0,2025-12-25T07:43:59
ubl_000346,usr_000248,bank_000346,1,2025-12-31T23:05:23
ubl_000347,usr_000249,bank_000347,1,2025-12-31T19:17:26
ubl_000348,usr_000249,bank_000348,0,2025-12-16T14:34:32
ubl_000349,usr_000250,bank_000349,1,2025-12-24T14:47:32
ubl_000350,usr_000250,bank_000350,0,2025-12-13T08:05:16
ubl_000351,usr_000251,bank_000351,1,2025-12-15T23:32:32
ubl_000352,usr_000252,bank_000352,1,2026-01-01T23:59:00
ubl_000353,usr_000252,bank_000353,0,2025-12-18T07:04:51
ubl_000354,usr_000253,bank_000354,1,2025-12-13T18:24:47
ubl_000355,usr_000254,bank_000355,1,2025-12-25T21:22:33
ubl_000356,usr_000255,bank_000356,1,2025-12-18T15:32:04
ubl_000357,usr_000256,bank_000357,1,2025-12-21T17:21:32
ubl_000358,usr_000257,bank_000358,1,2025-12-31T13:06:52
ubl_000359,usr_000258,bank_000359,1,2025-12-25T11:04:56
ubl_000360,usr_000258,bank_000360,0,2025-12-25T14:44:08
ubl_000361,usr_000259,bank_000361,1,2025-12-20T17:48:23
ubl_000362,usr_000260,bank_000362,1,2025-12-31T16:36:37
ubl_000363,usr_000260,bank_000363,0,2025-12-24T21:37:42
ubl_000364,usr_000261,bank_000364,1,2025-12-20T12:51:19
ubl_000365,usr_000262,bank_000365,1,2025-12-12T14:51:57
ubl_000366,usr_000262,bank_000366,0,2025-12-27T11:16:29
ubl_000367,usr_000263,bank_000367,1,2025-12-20T23:59:28
ubl_000368,usr_000263,bank_000368,0,2025-12-25T18:41:21
ubl_000369,usr_000264,bank_000369,1,2025-12-30T19:31:21
ubl_000370,usr_000264,bank_000370,0,2025-12-29T14:53:44
ubl_000371,usr_000265,bank_000371,1,2025-12-30T13:05:51
ubl_000372,usr_000265,bank_000372,0,2025-12-23T10:29:22
ubl_000373,usr_000266,bank_000373,1,2025-12-25T10:56:08
ubl_000374,usr_000266,bank_000374,0,2025-12-13T15:58:56
ubl_000375,usr_000267,bank_000375,1,2026-01-01T23:59:00
ubl_000376,usr_000267,bank_000376,0,2026-01-01T23:48:00
ubl_000377,usr_000267,bank_000377,0,2025-12-14T08:52:19
ubl_000378,usr_000268,bank_000378,1,2025-12-23T20:25:21
ubl_000379,usr_000269,bank_000379,1,2025-12-27T12:05:13
ubl_000380,usr_000270,bank_000380,1,2025-12-14T22:24:21
ubl_000381,usr_000270,bank_000381,0,2025-12-23T19:13:34
ubl_000382,usr_000271,bank_000382,1,2025-12-17T09:09:30
ubl_000383,usr_000272,bank_000383,1,2025-12-22T14:47:53
ubl_000384,usr_000273,bank_000384,1,2025-12-15T12:26:52
ubl_000385,usr_000274,bank_000385,1,2025-12-20T15:31:47
ubl_000386,usr_000275,bank_000386,1,2025-12-30T14:25:44
ubl_000387,usr_000276,bank_000387,1,2025-12-14T22:00:13
ubl_000388,usr_000276,bank_000388,0,2025-12-20T22:37:51
ubl_000389,usr_000277,bank_000389,1,2025-12-29T15:48:33
ubl_000390,usr_000277,bank_000390,0,2025-12-22T16:09:37
ubl_000391,usr_000278,bank_000391,1,2025-12-20T15:14:30
ubl_000392,usr_000279,bank_000392,1,2025-12-22T09:49:41
ubl_000393,usr_000279,bank_000393,0,2025-12-28T12:59:46
ubl_000394,usr_000280,bank_000394,1,2025-12-28T21:41:44
ubl_000395,usr_000280,bank_000395,0,2025-12-12T19:58:19
ubl_000396,usr_000281,bank_000396,1,2025-12-23T16:40:59
ubl_000397,usr_000281,bank_000397,0,2025-12-23T01:35:15
ubl_000398,usr_000282,bank_000398,1,2025-12-31T15:48:43
ubl_000399,usr_000282,bank_000399,0,2025-12-27T14:27:22
ubl_000400,usr_000283,bank_000400,1,2025-12-22T14:29:54
ubl_000401,usr_000284,bank_000401,1,2025-12-15T21:10:15
ubl_000402,usr_000284,bank_000402,0,2025-12-12T14:06:16
ubl_000403,usr_000285,bank_000403,1,2026-01-01T23:59:00
ubl_000404,usr_000285,bank_000404,0,2026-01-01T11:31:34
ubl_000405,usr_000286,bank_000405,1,2025-12-13T17:19:10
ubl_000406,usr_000286,bank_000406,0,2025-12-24T19:20:30
ubl_000407,usr_000287,bank_000407,1,2025-12-27T20:45:49
ubl_000408,usr_000288,bank_000408,1,2025-12-14T07:51:49
ubl_000409,usr_000289,bank_000409,1,2025-12-15T10:10:34
ubl_000410,usr_000290,bank_000410,1,2025-12-20T22:02:36
ubl_000411,usr_000291,bank_000411,1,2025-12-12T15:29:23
ubl_000412,usr_000292,bank_000412,1,2026-01-01T14:36:37
ubl_000413,usr_000293,bank_000413,1,2025-12-13T09:14:19
ubl_000414,usr_000294,bank_000414,1,2025-12-30T17:28:46
ubl_000415,usr_000295,bank_000415,1,2025-12-26T10:43:36
ubl_000416,usr_000296,bank_000416,1,2025-12-17T21:04:42
ubl_000417,usr_000296,bank_000417,0,2025-12-16T14:11:11
ubl_000418,usr_000297,bank_000418,1,2026-01-01T09:28:34
ubl_000419,usr_000298,bank_000419,1,2025-12-28T14:34:25
ubl_000420,usr_000298,bank_000420,0,2025-12-16T08:56:04
ubl_000421,usr_000299,bank_000421,1,2025-12-21T07:15:12
ubl_000422,usr_000300,bank_000422,1,2025-12-14T09:25:26
ubl_000423,usr_000301,bank_000423,1,2025-12-29T15:45:41
ubl_000424,usr_000302,bank_000424,1,2025-12-13T08:35:46
ubl_000425,usr_000303,bank_000425,1,2025-12-19T12:24:08
ubl_000426,usr_000303,bank_000426,0,2025-12-17T15:50:58
ubl_000427,usr_000304,bank_000427,1,2025-12-21T10:37:55
ubl_000428,usr_000305,bank_000428,1,2026-01-01T00:43:21
ubl_000429,usr_000305,bank_000429,0,2025-12-26T12:25:19
ubl_000430,usr_000306,bank_000430,1,2025-12-27T18:22:15
ubl_000431,usr_000307,bank_000431,1,2025-12-22T16:03:45
ubl_000432,usr_000308,bank_000432,1,2025-12-22T17:43:13
ubl_000433,usr_000308,bank_000433,0,2025-12-17T10:59:16
ubl_000434,usr_000309,bank_000434,1,2025-12-23T19:20:14
ubl_000435,usr_000310,bank_000435,1,2025-12-29T16:27:15
ubl_000436,usr_000311,bank_000436,1,2025-12-14T16:22:59
ubl_000437,usr_000311,bank_000437,0,2026-01-01T23:59:00
ubl_000438,usr_000312,bank_000438,1,2025-12-28T22:40:36
ubl_000439,usr_000312,bank_000439,0,2025-12-29T14:57:05
ubl_000440,usr_000313,bank_000440,1,2025-12-19T08:06:24
ubl_000441,usr_000313,bank_000441,0,2025-12-17T18:23:18
ubl_000442,usr_000314,bank_000442,1,2025-12-24T08:00:12
ubl_000443,usr_000315,bank_000443,1,2025-12-19T20:02:23
ubl_000444,usr_000316,bank_000444,1,2025-12-24T17:35:51
ubl_000445,usr_000317,bank_000445,1,2025-12-14T22:53:47
ubl_000446,usr_000318,bank_000446,1,2025-12-21T09:58:05
ubl_000447,usr_000319,bank_000447,1,2025-12-15T21:47:39
ubl_000448,usr_000320,bank_000448,1,2025-12-28T15:16:33
ubl_000449,usr_000321,bank_000449,1,2025-12-23T15:27:28
ubl_000450,usr_000321,bank_000450,0,2025-12-21T23:26:44
ubl_000451,usr_000322,bank_000451,1,2025-12-21T23:58:09
ubl_000452,usr_000323,bank_000452,1,2025-12-15T13:01:25
ubl_000453,usr_000324,bank_000453,1,2025-12-24T16:37:09
ubl_000454,usr_000325,bank_000454,1,2025-12-19T08:41:48
ubl_000455,usr_000326,bank_000455,1,2025-12-28T21:52:18
ubl_000456,usr_000327,bank_000456,1,2025-12-29T11:55:56
ubl_000457,usr_000327,bank_000457,0,2025-12-25T15:45:33
ubl_000458,usr_000327,bank_000458,0,2025-12-22T13:38:43
ubl_000459,usr_000328,bank_000459,1,2025-12-30T17:22:31
ubl_000460,usr_000329,bank_000460,1,2026-01-01T16:35:08
ubl_000461,usr_000330,bank_000461,1,2025-12-31T20:22:21
ubl_000462,usr_000331,bank_000462,1,2026-01-01T23:59:00
ubl_000463,usr_000332,bank_000463,1,2025-12-15T16:06:31
ubl_000464,usr_000333,bank_000464,1,2025-12-22T15:12:29
ubl_000465,usr_000333,bank_000465,0,2025-12-13T02:31:25
ubl_000466,usr_000334,bank_000466,1,2025-12-19T16:21:44
ubl_000467,usr_000335,bank_000467,1,2025-12-25T18:08:42
ubl_000468,usr_000336,bank_000468,1,2025-12-16T16:41:35
ubl_000469,usr_000337,bank_000469,1,2026-01-01T23:59:00
ubl_000470,usr_000338,bank_000470,1,2025-12-19T21:21:26
ubl_000471,usr_000339,bank_000471,1,2025-12-28T11:15:57
ubl_000472,usr_000339,bank_000472,0,2025-12-29T17:02:46
ubl_000473,usr_000340,bank_000473,1,2025-12-21T17:23:36
ubl_000474,usr_000341,bank_000474,1,2025-12-19T14:46:42
ubl_000475,usr_000342,bank_000475,1,2025-12-22T14:05:10
ubl_000476,usr_000343,bank_000476,1,2025-12-20T11:54:36
ubl_000477,usr_000344,bank_000477,1,2026-01-01T23:59:00
ubl_000478,usr_000344,bank_000478,0,2025-12-18T18:41:33
ubl_000479,usr_000345,bank_000479,1,2026-01-01T23:59:00
ubl_000480,usr_000345,bank_000480,0,2025-12-13T13:03:18
ubl_000481,usr_000346,bank_000481,1,2025-12-16T13:36:30
ubl_000482,usr_000346,bank_000482,0,2026-01-01T23:59:00
ubl_000483,usr_000347,bank_000483,1,2025-12-18T17:39:49
ubl_000484,usr_000348,bank_000484,1,2025-12-26T13:01:36
ubl_000485,usr_000349,bank_000485,1,2025-12-23T21:07:32
ubl_000486,usr_000350,bank_000486,1,2025-12-29T23:39:09
ubl_000487,usr_000351,bank_000487,1,2025-12-17T17:53:27
ubl_000488,usr_000351,bank_000488,0,2025-12-22T13:32:16
ubl_000489,usr_000352,bank_000489,1,2025-12-29T19:45:08
ubl_000490,usr_000352,bank_000490,0,2025-12-25T13:33:01
ubl_000491,usr_000353,bank_000491,1,2025-12-15T07:13:34
ubl_000492,usr_000354,bank_000492,1,2025-12-30T22:33:48
ubl_000493,usr_000354,bank_000493,0,2025-12-29T03:56:02
ubl_000494,usr_000355,bank_000494,1,2025-12-22T12:33:29
ubl_000495,usr_000356,bank_000495,1,2025-12-26T16:49:02
ubl_000496,usr_000356,bank_000496,0,2025-12-30T11:08:49
ubl_000497,usr_000357,bank_000497,1,2025-12-27T04:54:04
ubl_000498,usr_000357,bank_000498,0,2025-12-24T21:14:33
ubl_000499,usr_000358,bank_000499,1,2025-12-12T15:20:13
ubl_000500,usr_000359,bank_000500,1,2025-12-25T20:29:44
ubl_000501,usr_000360,bank_000501,1,2026-01-01T23:59:00
ubl_000502,usr_000360,bank_000502,0,2025-12-17T18:25:41
ubl_000503,usr_000361,bank_000503,1,2025-12-23T19:11:46
ubl_000504,usr_000362,bank_000504,1,2025-12-20T08:57:09
ubl_000505,usr_000363,bank_000505,1,2025-12-31T15:03:35
ubl_000506,usr_000363,bank_000506,0,2025-12-23T07:52:36
ubl_000507,usr_000364,bank_000507,1,2025-12-15T21:18:02
ubl_000508,usr_000365,bank_000508,1,2026-01-01T23:59:00
ubl_000509,usr_000365,bank_000509,0,2025-12-18T10:55:29
ubl_001727,usr_000365,bank_001721,0,2026-01-29T09:16:51
ubl_000510,usr_000366,bank_000510,1,2025-12-21T11:51:48
ubl_000511,usr_000367,bank_000511,1,2025-12-15T17:07:57
ubl_000512,usr_000368,bank_000512,1,2025-12-20T16:30:45
ubl_000513,usr_000368,bank_000513,0,2025-12-16T08:06:29
ubl_000514,usr_000369,bank_000514,1,2025-12-24T02:11:47
ubl_000515,usr_000369,bank_000515,0,2025-12-20T19:31:28
ubl_000516,usr_000370,bank_000516,1,2025-12-12T22:36:05
ubl_000517,usr_000370,bank_000517,0,2025-12-15T10:51:44
ubl_000518,usr_000371,bank_000518,1,2025-12-12T07:41:28
ubl_000519,usr_000372,bank_000519,1,2025-12-21T09:11:40
ubl_000520,usr_000373,bank_000520,1,2025-12-30T19:03:48
ubl_000521,usr_000373,bank_000521,0,2025-12-21T21:13:46
ubl_000522,usr_000374,bank_000522,1,2025-12-23T19:35:13
ubl_000523,usr_000374,bank_000523,0,2026-01-01T23:59:00
ubl_000524,usr_000375,bank_000524,1,2025-12-20T21:20:28
ubl_000525,usr_000375,bank_000525,0,2025-12-14T22:10:32
ubl_000526,usr_000376,bank_000526,1,2025-12-19T07:29:48
ubl_000527,usr_000377,bank_000527,1,2025-12-28T12:57:50
ubl_000528,usr_000377,bank_000528,0,2025-12-30T11:14:51
ubl_000529,usr_000378,bank_000529,1,2026-01-01T23:59:00
ubl_000530,usr_000379,bank_000530,1,2025-12-29T17:36:02
ubl_000531,usr_000379,bank_000531,0,2026-01-01T23:59:00
ubl_000532,usr_000380,bank_000532,1,2025-12-30T15:27:15
ubl_000533,usr_000381,bank_000533,1,2025-12-18T08:47:54
ubl_000534,usr_000382,bank_000534,1,2025-12-21T21:49:49
ubl_000535,usr_000382,bank_000535,0,2026-01-01T00:30:27
ubl_000536,usr_000383,bank_000536,1,2025-12-22T07:42:21
ubl_000537,usr_000384,bank_000537,1,2026-01-01T23:59:00
ubl_000538,usr_000384,bank_000538,0,2025-12-19T15:25:38
ubl_000539,usr_000385,bank_000539,1,2025-12-14T12:11:07
ubl_000540,usr_000386,bank_000540,1,2025-12-12T09:51:22
ubl_000541,usr_000387,bank_000541,1,2025-12-25T21:04:30
ubl_000542,usr_000388,bank_000542,1,2025-12-16T20:34:00
ubl_000543,usr_000389,bank_000543,1,2025-12-16T23:41:49
ubl_000544,usr_000390,bank_000544,1,2025-12-13T21:00:33
ubl_000545,usr_000391,bank_000545,1,2025-12-22T22:02:26
ubl_000546,usr_000392,bank_000546,1,2026-01-01T14:25:48
ubl_000547,usr_000393,bank_000547,1,2025-12-24T10:47:31
ubl_000548,usr_000393,bank_000548,0,2025-12-27T01:05:45
ubl_000549,usr_000394,bank_000549,1,2025-12-20T19:46:06
ubl_000550,usr_000394,bank_000550,0,2025-12-12T22:59:50
ubl_000551,usr_000394,bank_000551,0,2025-12-18T23:29:56
ubl_000552,usr_000395,bank_000552,1,2025-12-31T21:51:13
ubl_001723,usr_000395,bank_001720,0,2026-01-29T13:59:00
ubl_000553,usr_000396,bank_000553,1,2025-12-29T07:15:16
ubl_000554,usr_000397,bank_000554,1,2025-12-21T15:50:55
ubl_000555,usr_000397,bank_000555,0,2025-12-18T15:50:39
ubl_000556,usr_000397,bank_000556,0,2025-12-19T12:56:17
ubl_000557,usr_000398,bank_000557,1,2025-12-18T12:10:11
ubl_000558,usr_000399,bank_000558,1,2025-12-16T08:07:55
ubl_000559,usr_000399,bank_000559,0,2025-12-18T22:26:55
ubl_000560,usr_000400,bank_000560,1,2025-12-18T13:13:21
ubl_000561,usr_000400,bank_000561,0,2025-12-28T17:51:27
ubl_000562,usr_000401,bank_000562,1,2025-12-20T08:31:36
ubl_000563,usr_000401,bank_000563,0,2025-12-24T14:11:31
ubl_000564,usr_000402,bank_000564,1,2025-12-15T15:00:19
ubl_000565,usr_000403,bank_000565,1,2025-12-24T08:48:12
ubl_000566,usr_000404,bank_000566,1,2026-01-01T23:59:00
ubl_000567,usr_000405,bank_000567,1,2025-12-26T20:41:02
ubl_000568,usr_000405,bank_000568,0,2025-12-27T07:35:46
ubl_000569,usr_000405,bank_000569,0,2025-12-22T23:39:16
ubl_000570,usr_000406,bank_000570,1,2025-12-26T17:56:17
ubl_000571,usr_000407,bank_000571,1,2025-12-27T17:36:39
ubl_000572,usr_000407,bank_000572,0,2025-12-30T17:04:03
ubl_000573,usr_000408,bank_000573,1,2025-12-24T21:21:27
ubl_000574,usr_000408,bank_000574,0,2025-12-29T18:10:38
ubl_000575,usr_000409,bank_000575,1,2026-01-01T15:46:17
ubl_000576,usr_000410,bank_000576,1,2025-12-28T15:32:53
ubl_000577,usr_000411,bank_000577,1,2025-12-17T20:54:25
ubl_000578,usr_000411,bank_000578,0,2025-12-31T11:51:22
ubl_000579,usr_000412,bank_000579,1,2025-12-13T11:58:22
ubl_000580,usr_000413,bank_000580,1,2025-12-16T17:06:32
ubl_000581,usr_000413,bank_000581,0,2026-01-01T23:59:00
ubl_000582,usr_000414,bank_000582,1,2025-12-31T19:23:55
ubl_000583,usr_000414,bank_000583,0,2025-12-16T21:28:49
ubl_000584,usr_000415,bank_000584,1,2025-12-21T16:26:29
ubl_000585,usr_000416,bank_000585,1,2025-12-27T23:52:03
ubl_000586,usr_000417,bank_000586,1,2025-12-22T22:20:49
ubl_000587,usr_000418,bank_000587,1,2025-12-30T14:37:02
ubl_000588,usr_000419,bank_000588,1,2025-12-17T21:27:18
ubl_000589,usr_000419,bank_000589,0,2025-12-12T16:35:12
ubl_000590,usr_000420,bank_000590,1,2025-12-30T22:36:51
ubl_000591,usr_000420,bank_000591,0,2025-12-25T22:04:57
ubl_000592,usr_000421,bank_000592,1,2025-12-28T03:32:15
ubl_000593,usr_000421,bank_000593,0,2026-01-01T23:59:00
ubl_000594,usr_000422,bank_000594,1,2025-12-28T13:29:45
ubl_000595,usr_000422,bank_000595,0,2026-01-01T15:33:22
ubl_000596,usr_000423,bank_000596,1,2025-12-31T09:22:29
ubl_000597,usr_000423,bank_000597,0,2025-12-31T08:30:01
ubl_000598,usr_000424,bank_000598,1,2025-12-15T14:15:53
ubl_000599,usr_000424,bank_000599,0,2025-12-26T17:05:11
ubl_000600,usr_000425,bank_000600,1,2025-12-12T20:57:47
ubl_000601,usr_000425,bank_000601,0,2025-12-22T11:49:04
ubl_000602,usr_000426,bank_000602,1,2026-01-01T23:59:00
ubl_000603,usr_000427,bank_000603,1,2025-12-13T09:07:25
ubl_000604,usr_000428,bank_000604,1,2025-12-14T02:46:23
ubl_000605,usr_000429,bank_000605,1,2026-01-01T17:47:52
ubl_000606,usr_000429,bank_000606,0,2025-12-12T18:38:56
ubl_000607,usr_000430,bank_000607,1,2025-12-24T11:31:28
ubl_000608,usr_000431,bank_000608,1,2025-12-26T02:31:28
ubl_000609,usr_000432,bank_000609,1,2025-12-13T14:33:08
ubl_000610,usr_000433,bank_000610,1,2026-01-01T23:59:00
ubl_000611,usr_000433,bank_000611,0,2025-12-22T11:54:37
ubl_000612,usr_000434,bank_000612,1,2025-12-16T23:37:30
ubl_000613,usr_000434,bank_000613,0,2025-12-16T07:06:54
ubl_000614,usr_000435,bank_000614,1,2025-12-14T21:18:53
ubl_000615,usr_000435,bank_000615,0,2025-12-22T12:00:58
ubl_000616,usr_000436,bank_000616,1,2025-12-20T16:05:47
ubl_000617,usr_000436,bank_000617,0,2025-12-15T14:04:24
ubl_000618,usr_000437,bank_000618,1,2025-12-27T15:03:45
ubl_000619,usr_000437,bank_000619,0,2025-12-17T07:41:43
ubl_000620,usr_000438,bank_000620,1,2025-12-29T08:51:38
ubl_000621,usr_000438,bank_000621,0,2025-12-22T00:58:26
ubl_000622,usr_000439,bank_000622,1,2025-12-20T14:30:53
ubl_000623,usr_000440,bank_000623,1,2025-12-29T21:31:55
ubl_000624,usr_000440,bank_000624,0,2025-12-21T18:01:15
ubl_000625,usr_000441,bank_000625,1,2026-01-01T16:40:10
ubl_000626,usr_000442,bank_000626,1,2025-12-13T17:30:54
ubl_000627,usr_000443,bank_000627,1,2025-12-23T15:26:13
ubl_000628,usr_000444,bank_000628,1,2025-12-27T21:55:02
ubl_000629,usr_000445,bank_000629,1,2025-12-21T12:15:06
ubl_000630,usr_000445,bank_000630,0,2025-12-25T20:50:37
ubl_000631,usr_000446,bank_000631,1,2025-12-25T17:02:51
ubl_000632,usr_000446,bank_000632,0,2026-01-01T12:07:15
ubl_000633,usr_000446,bank_000633,0,2025-12-21T10:48:09
ubl_000634,usr_000447,bank_000634,1,2025-12-14T15:14:39
ubl_000635,usr_000447,bank_000635,0,2025-12-28T11:17:23
ubl_000636,usr_000448,bank_000636,1,2025-12-31T15:06:49
ubl_000637,usr_000448,bank_000637,0,2025-12-23T20:38:12
ubl_000638,usr_000449,bank_000638,1,2025-12-29T04:59:56
ubl_000639,usr_000450,bank_000639,1,2025-12-26T11:14:15
ubl_000640,usr_000451,bank_000640,1,2025-12-28T08:03:05
ubl_000641,usr_000451,bank_000641,0,2025-12-20T23:24:52
ubl_000642,usr_000452,bank_000642,1,2025-12-26T12:47:48
ubl_000643,usr_000452,bank_000643,0,2025-12-25T10:06:43
ubl_000644,usr_000453,bank_000644,1,2025-12-28T10:51:13
ubl_000645,usr_000453,bank_000645,0,2025-12-23T16:44:30
ubl_000646,usr_000454,bank_000646,1,2025-12-29T16:55:18
ubl_000647,usr_000455,bank_000647,1,2025-12-30T16:40:38
ubl_000648,usr_000455,bank_000648,0,2025-12-23T08:27:05
ubl_000649,usr_000456,bank_000649,1,2025-12-17T12:32:05
ubl_000650,usr_000456,bank_000650,0,2025-12-16T15:10:02
ubl_000651,usr_000456,bank_000651,0,2025-12-23T08:28:49
ubl_000652,usr_000457,bank_000652,1,2025-12-23T11:01:22
ubl_000653,usr_000458,bank_000653,1,2025-12-13T08:04:52
ubl_000654,usr_000458,bank_000654,0,2025-12-26T00:29:23
ubl_000655,usr_000459,bank_000655,1,2025-12-19T15:18:43
ubl_000656,usr_000460,bank_000656,1,2025-12-24T11:28:35
ubl_000657,usr_000460,bank_000657,0,2025-12-23T14:17:39
ubl_000658,usr_000461,bank_000658,1,2025-12-30T13:04:51
ubl_000659,usr_000462,bank_000659,1,2025-12-28T20:50:37
ubl_000660,usr_000463,bank_000660,1,2025-12-30T14:46:59
ubl_000661,usr_000463,bank_000661,0,2025-12-26T18:47:31
ubl_000662,usr_000464,bank_000662,1,2025-12-17T20:57:30
ubl_000663,usr_000464,bank_000663,0,2025-12-23T21:27:07
ubl_000664,usr_000465,bank_000664,1,2025-12-28T17:22:26
ubl_000665,usr_000466,bank_000665,1,2025-12-24T13:30:25
ubl_000666,usr_000466,bank_000666,0,2025-12-22T19:37:27
ubl_000667,usr_000467,bank_000667,1,2025-12-12T18:58:07
ubl_000668,usr_000468,bank_000668,1,2025-12-29T22:22:45
ubl_000669,usr_000468,bank_000669,0,2025-12-16T16:24:57
ubl_000670,usr_000469,bank_000670,1,2025-12-23T15:02:40
ubl_000671,usr_000469,bank_000671,0,2025-12-21T23:17:26
ubl_000672,usr_000470,bank_000672,1,2025-12-21T12:48:22
ubl_000673,usr_000470,bank_000673,0,2025-12-31T17:15:11
ubl_000674,usr_000471,bank_000674,1,2025-12-23T12:21:20
ubl_000675,usr_000472,bank_000675,1,2025-12-27T16:34:39
ubl_000676,usr_000473,bank_000676,1,2025-12-14T18:26:43
ubl_000677,usr_000474,bank_000677,1,2025-12-28T21:58:34
ubl_000678,usr_000474,bank_000678,0,2025-12-18T17:23:13
ubl_000679,usr_000475,bank_000679,1,2025-12-22T09:31:13
ubl_000680,usr_000475,bank_000680,0,2025-12-27T16:24:22
ubl_000681,usr_000476,bank_000681,1,2025-12-25T11:11:39
ubl_000682,usr_000476,bank_000682,0,2025-12-16T08:07:01
ubl_000683,usr_000477,bank_000683,1,2026-01-01T23:59:00
ubl_000684,usr_000477,bank_000684,0,2025-12-25T10:50:11
ubl_000685,usr_000478,bank_000685,1,2025-12-24T10:48:47
ubl_000686,usr_000478,bank_000686,0,2025-12-20T19:43:59
ubl_000687,usr_000479,bank_000687,1,2025-12-12T08:06:32
ubl_000688,usr_000479,bank_000688,0,2025-12-15T12:04:59
ubl_000689,usr_000480,bank_000689,1,2025-12-22T19:52:48
ubl_000690,usr_000481,bank_000690,1,2025-12-28T08:18:40
ubl_000691,usr_000482,bank_000691,1,2025-12-17T16:13:10
ubl_000692,usr_000483,bank_000692,1,2025-12-20T18:42:21
ubl_000693,usr_000484,bank_000693,1,2025-12-16T15:01:07
ubl_000694,usr_000484,bank_000694,0,2025-12-17T08:16:01
ubl_000695,usr_000485,bank_000695,1,2025-12-18T11:10:57
ubl_000696,usr_000486,bank_000696,1,2025-12-30T11:06:30
ubl_000697,usr_000487,bank_000697,1,2025-12-31T23:37:41
ubl_000698,usr_000488,bank_000698,1,2025-12-24T13:17:08
ubl_000699,usr_000489,bank_000699,1,2025-12-25T12:51:55
ubl_000700,usr_000489,bank_000700,0,2025-12-13T13:23:23
ubl_000701,usr_000490,bank_000701,1,2025-12-21T10:11:16
ubl_000702,usr_000490,bank_000702,0,2025-12-31T14:23:48
ubl_000703,usr_000491,bank_000703,1,2025-12-24T01:47:30
ubl_000704,usr_000491,bank_000704,0,2026-01-01T09:40:26
ubl_000705,usr_000492,bank_000705,1,2025-12-17T21:10:35
ubl_000706,usr_000492,bank_000706,0,2025-12-17T10:56:05
ubl_000707,usr_000493,bank_000707,1,2025-12-18T21:44:48
ubl_000708,usr_000493,bank_000708,0,2025-12-27T16:52:38
ubl_000709,usr_000494,bank_000709,1,2025-12-17T07:32:18
ubl_000710,usr_000495,bank_000710,1,2025-12-20T16:51:46
ubl_000711,usr_000495,bank_000711,0,2025-12-29T21:29:50
ubl_000712,usr_000496,bank_000712,1,2025-12-22T14:00:03
ubl_000713,usr_000497,bank_000713,1,2025-12-17T07:32:22
ubl_000714,usr_000498,bank_000714,1,2026-01-01T23:59:00
ubl_000715,usr_000498,bank_000715,0,2026-01-01T21:03:42
ubl_000716,usr_000499,bank_000716,1,2025-12-31T19:16:57
ubl_000717,usr_000500,bank_000717,1,2026-01-01T13:47:50
ubl_000718,usr_000500,bank_000718,0,2025-12-25T10:00:24
ubl_000719,usr_000501,bank_000719,1,2025-12-29T13:33:49
ubl_000720,usr_000501,bank_000720,0,2025-12-31T11:24:43
ubl_000721,usr_000502,bank_000721,1,2025-12-13T20:42:04
ubl_000722,usr_000502,bank_000722,0,2025-12-27T16:54:27
ubl_000723,usr_000503,bank_000723,1,2025-12-28T11:22:43
ubl_000724,usr_000504,bank_000724,1,2025-12-24T11:37:08
ubl_000725,usr_000505,bank_000725,1,2025-12-12T10:13:06
ubl_000726,usr_000505,bank_000726,0,2026-01-01T23:59:00
ubl_000727,usr_000506,bank_000727,1,2025-12-14T18:41:59
ubl_000728,usr_000506,bank_000728,0,2025-12-31T08:40:25
ubl_000729,usr_000506,bank_000729,0,2025-12-31T12:32:04
ubl_000730,usr_000507,bank_000730,1,2025-12-25T11:37:40
ubl_000731,usr_000508,bank_000731,1,2025-12-30T19:42:54
ubl_000732,usr_000508,bank_000732,0,2025-12-24T08:58:34
ubl_000733,usr_000508,bank_000733,0,2025-12-13T22:54:05
ubl_000734,usr_000509,bank_000734,1,2025-12-12T22:39:27
ubl_000735,usr_000510,bank_000735,1,2025-12-29T14:47:15
ubl_000736,usr_000510,bank_000736,0,2025-12-15T08:21:13
ubl_000737,usr_000511,bank_000737,1,2025-12-30T15:40:02
ubl_000738,usr_000512,bank_000738,1,2025-12-12T12:42:36
ubl_000739,usr_000512,bank_000739,0,2025-12-31T17:37:02
ubl_000740,usr_000513,bank_000740,1,2025-12-15T14:15:10
ubl_000741,usr_000513,bank_000741,0,2025-12-12T17:24:15
ubl_000742,usr_000514,bank_000742,1,2025-12-12T11:24:28
ubl_000743,usr_000515,bank_000743,1,2025-12-21T02:43:51
ubl_000744,usr_000516,bank_000744,1,2025-12-22T19:48:31
ubl_000745,usr_000517,bank_000745,1,2026-01-01T12:17:43
ubl_000746,usr_000518,bank_000746,1,2025-12-19T07:55:48
ubl_000747,usr_000518,bank_000747,0,2025-12-15T20:17:21
ubl_000748,usr_000519,bank_000748,1,2025-12-26T10:41:08
ubl_000749,usr_000520,bank_000749,1,2025-12-15T16:25:57
ubl_000750,usr_000521,bank_000750,1,2025-12-24T09:04:48
ubl_000751,usr_000521,bank_000751,0,2025-12-14T10:47:02
ubl_001721,usr_000521,bank_001720,0,2026-01-29T13:59:00
ubl_000752,usr_000522,bank_000752,1,2025-12-30T13:47:16
ubl_000753,usr_000523,bank_000753,1,2025-12-29T08:03:32
ubl_001725,usr_000523,bank_001721,0,2026-01-29T09:16:51
ubl_000754,usr_000524,bank_000754,1,2025-12-17T15:25:52
ubl_000755,usr_000525,bank_000755,1,2025-12-17T07:30:16
ubl_000756,usr_000525,bank_000756,0,2025-12-15T21:07:31
ubl_000757,usr_000526,bank_000757,1,2025-12-22T14:23:08
ubl_000758,usr_000526,bank_000758,0,2025-12-18T18:27:12
ubl_000759,usr_000527,bank_000759,1,2025-12-26T07:36:26
ubl_000760,usr_000528,bank_000760,1,2025-12-22T16:17:56
ubl_000761,usr_000529,bank_000761,1,2025-12-29T17:34:32
ubl_000762,usr_000530,bank_000762,1,2025-12-31T20:35:45
ubl_000763,usr_000531,bank_000763,1,2025-12-20T03:36:52
ubl_000764,usr_000532,bank_000764,1,2025-12-16T16:37:03
ubl_000765,usr_000533,bank_000765,1,2025-12-12T12:56:28
ubl_000766,usr_000534,bank_000766,1,2025-12-12T11:20:45
ubl_000767,usr_000535,bank_000767,1,2025-12-25T02:14:21
ubl_000768,usr_000536,bank_000768,1,2025-12-23T21:00:23
ubl_000769,usr_000537,bank_000769,1,2025-12-18T08:29:51
ubl_000770,usr_000537,bank_000770,0,2025-12-22T11:42:04
ubl_000771,usr_000538,bank_000771,1,2026-01-01T23:59:00
ubl_000772,usr_000539,bank_000772,1,2026-01-01T17:42:27
ubl_000773,usr_000540,bank_000773,1,2025-12-17T09:39:32
ubl_000774,usr_000541,bank_000774,1,2025-12-13T12:56:46
ubl_000775,usr_000542,bank_000775,1,2025-12-18T10:51:09
ubl_000776,usr_000542,bank_000776,0,2025-12-29T17:11:30
ubl_000777,usr_000543,bank_000777,1,2025-12-15T07:18:00
ubl_000778,usr_000544,bank_000778,1,2025-12-17T09:33:19
ubl_000779,usr_000544,bank_000779,0,2025-12-19T14:45:49
ubl_000780,usr_000545,bank_000780,1,2025-12-22T11:54:26
ubl_000781,usr_000546,bank_000781,1,2025-12-16T12:32:58
ubl_000782,usr_000547,bank_000782,1,2025-12-12T09:40:22
ubl_000783,usr_000548,bank_000783,1,2025-12-25T16:28:43
ubl_000784,usr_000548,bank_000784,0,2025-12-16T17:49:21
ubl_000785,usr_000549,bank_000785,1,2025-12-30T12:56:23
ubl_000786,usr_000549,bank_000786,0,2025-12-27T16:00:30
ubl_000787,usr_000550,bank_000787,1,2025-12-24T11:03:41
ubl_000788,usr_000551,bank_000788,1,2025-12-23T15:37:45
ubl_000789,usr_000552,bank_000789,1,2025-12-29T20:04:23
ubl_000790,usr_000552,bank_000790,0,2025-12-14T12:44:40
ubl_000791,usr_000553,bank_000791,1,2025-12-31T13:31:10
ubl_000792,usr_000554,bank_000792,1,2025-12-27T15:13:28
ubl_000793,usr_000555,bank_000793,1,2025-12-23T08:31:18
ubl_000794,usr_000556,bank_000794,1,2025-12-14T19:54:36
ubl_000795,usr_000557,bank_000795,1,2025-12-18T20:39:30
ubl_000796,usr_000557,bank_000796,0,2025-12-17T16:45:07
ubl_000797,usr_000558,bank_000797,1,2025-12-13T12:38:25
ubl_000798,usr_000559,bank_000798,1,2025-12-26T09:35:05
ubl_000799,usr_000559,bank_000799,0,2025-12-22T19:44:35
ubl_000800,usr_000560,bank_000800,1,2025-12-21T10:06:30
ubl_000801,usr_000561,bank_000801,1,2025-12-26T23:58:48
ubl_000802,usr_000562,bank_000802,1,2025-12-23T23:09:02
ubl_000803,usr_000563,bank_000803,1,2025-12-13T21:19:38
ubl_000804,usr_000563,bank_000804,0,2026-01-01T18:58:43
ubl_000805,usr_000564,bank_000805,1,2025-12-13T20:22:13
ubl_000806,usr_000564,bank_000806,0,2025-12-29T21:31:40
ubl_000807,usr_000565,bank_000807,1,2025-12-15T11:24:16
ubl_000808,usr_000566,bank_000808,1,2025-12-20T07:16:53
ubl_000809,usr_000566,bank_000809,0,2025-12-20T11:23:11
ubl_000810,usr_000567,bank_000810,1,2025-12-21T11:19:27
ubl_000811,usr_000567,bank_000811,0,2025-12-15T12:18:09
ubl_000812,usr_000568,bank_000812,1,2026-01-01T23:59:00
ubl_000813,usr_000568,bank_000813,0,2025-12-19T14:08:28
ubl_000814,usr_000569,bank_000814,1,2025-12-17T03:26:32
ubl_000815,usr_000570,bank_000815,1,2025-12-16T17:07:55
ubl_000816,usr_000571,bank_000816,1,2025-12-24T13:25:02
ubl_000817,usr_000571,bank_000817,0,2025-12-16T14:35:40
ubl_000818,usr_000572,bank_000818,1,2025-12-31T13:11:55
ubl_000819,usr_000573,bank_000819,1,2025-12-13T17:47:42
ubl_000820,usr_000574,bank_000820,1,2026-01-01T23:59:00
ubl_000821,usr_000575,bank_000821,1,2025-12-13T11:46:12
ubl_000822,usr_000575,bank_000822,0,2025-12-14T20:37:45
ubl_000823,usr_000576,bank_000823,1,2025-12-20T10:25:53
ubl_000824,usr_000576,bank_000824,0,2025-12-29T01:06:00
ubl_000825,usr_000577,bank_000825,1,2025-12-14T14:15:23
ubl_000826,usr_000577,bank_000826,0,2025-12-17T22:50:48
ubl_000827,usr_000578,bank_000827,1,2025-12-15T11:20:55
ubl_000828,usr_000578,bank_000828,0,2025-12-15T09:23:56
ubl_000829,usr_000579,bank_000829,1,2026-01-01T23:59:00
ubl_000830,usr_000579,bank_000830,0,2025-12-23T03:16:00
ubl_000831,usr_000580,bank_000831,1,2025-12-25T08:08:14
ubl_000832,usr_000581,bank_000832,1,2025-12-20T17:59:14
ubl_000833,usr_000582,bank_000833,1,2025-12-12T16:43:20
ubl_000834,usr_000582,bank_000834,0,2025-12-19T16:14:23
ubl_000835,usr_000583,bank_000835,1,2025-12-16T15:17:28
ubl_000836,usr_000584,bank_000836,1,2025-12-15T07:29:59
ubl_000837,usr_000585,bank_000837,1,2025-12-15T20:46:09
ubl_000838,usr_000586,bank_000838,1,2025-12-16T16:40:06
ubl_000839,usr_000587,bank_000839,1,2025-12-17T12:58:02
ubl_000840,usr_000588,bank_000840,1,2025-12-31T04:13:28
ubl_000841,usr_000589,bank_000841,1,2025-12-23T11:28:54
ubl_000842,usr_000590,bank_000842,1,2025-12-15T17:51:15
ubl_000843,usr_000591,bank_000843,1,2025-12-25T08:56:03
ubl_000844,usr_000592,bank_000844,1,2025-12-26T11:08:01
ubl_000845,usr_000592,bank_000845,0,2025-12-31T15:52:42
ubl_000846,usr_000593,bank_000846,1,2025-12-24T17:20:38
ubl_000847,usr_000593,bank_000847,0,2025-12-20T18:19:55
ubl_001729,usr_000593,bank_001721,0,2026-01-29T09:16:51
ubl_000848,usr_000594,bank_000848,1,2025-12-14T04:02:44
ubl_000849,usr_000594,bank_000849,0,2025-12-15T07:50:52
ubl_000850,usr_000595,bank_000850,1,2025-12-23T14:06:26
ubl_000851,usr_000596,bank_000851,1,2025-12-12T13:24:21
ubl_000852,usr_000597,bank_000852,1,2025-12-23T17:28:20
ubl_000853,usr_000597,bank_000853,0,2025-12-18T23:37:41
ubl_000854,usr_000598,bank_000854,1,2025-12-29T13:46:21
ubl_000855,usr_000598,bank_000855,0,2025-12-22T19:00:45
ubl_000856,usr_000599,bank_000856,1,2025-12-31T17:40:11
ubl_000857,usr_000599,bank_000857,0,2025-12-17T17:38:52
ubl_000858,usr_000600,bank_000858,1,2025-12-27T14:39:32
ubl_000859,usr_000600,bank_000859,0,2025-12-14T17:54:47
ubl_000860,usr_000601,bank_000860,1,2025-12-13T11:34:09
ubl_000861,usr_000601,bank_000861,0,2025-12-23T11:05:41
ubl_000862,usr_000602,bank_000862,1,2025-12-27T19:19:40
ubl_000863,usr_000603,bank_000863,1,2025-12-20T18:51:10
ubl_000864,usr_000604,bank_000864,1,2025-12-19T12:27:23
ubl_000865,usr_000605,bank_000865,1,2025-12-20T11:57:28
ubl_000866,usr_000606,bank_000866,1,2025-12-25T10:21:17
ubl_000867,usr_000607,bank_000867,1,2026-01-01T17:09:30
ubl_000868,usr_000607,bank_000868,0,2025-12-27T04:27:26
ubl_000869,usr_000608,bank_000869,1,2025-12-27T20:22:58
ubl_000870,usr_000608,bank_000870,0,2025-12-29T13:56:02
ubl_000871,usr_000609,bank_000871,1,2025-12-26T08:16:04
ubl_000872,usr_000610,bank_000872,1,2025-12-20T10:50:05
ubl_000873,usr_000610,bank_000873,0,2025-12-14T21:22:48
ubl_000874,usr_000611,bank_000874,1,2025-12-26T20:50:44
ubl_000875,usr_000612,bank_000875,1,2025-12-31T15:06:20
ubl_000876,usr_000613,bank_000876,1,2025-12-29T00:24:39
ubl_000877,usr_000614,bank_000877,1,2025-12-19T20:53:41
ubl_000878,usr_000614,bank_000878,0,2026-01-01T11:24:17
ubl_000879,usr_000615,bank_000879,1,2026-01-01T18:57:39
ubl_000880,usr_000616,bank_000880,1,2025-12-23T09:07:13
ubl_000881,usr_000616,bank_000881,0,2025-12-23T20:06:08
ubl_000882,usr_000617,bank_000882,1,2025-12-17T22:03:24
ubl_000883,usr_000618,bank_000883,1,2025-12-21T12:50:41
ubl_000884,usr_000619,bank_000884,1,2025-12-20T09:15:49
ubl_000885,usr_000619,bank_000885,0,2025-12-27T14:02:47
ubl_000886,usr_000620,bank_000886,1,2025-12-17T15:43:17
ubl_000887,usr_000621,bank_000887,1,2025-12-25T23:46:26
ubl_000888,usr_000621,bank_000888,0,2025-12-30T16:19:14
ubl_000889,usr_000622,bank_000889,1,2025-12-14T12:07:53
ubl_000890,usr_000622,bank_000890,0,2025-12-31T16:16:15
ubl_000891,usr_000623,bank_000891,1,2025-12-31T14:32:42
ubl_000892,usr_000624,bank_000892,1,2025-12-19T13:31:17
ubl_000893,usr_000624,bank_000893,0,2025-12-14T22:10:26
ubl_000894,usr_000625,bank_000894,1,2025-12-19T07:30:56
ubl_000895,usr_000626,bank_000895,1,2025-12-30T18:47:28
ubl_000896,usr_000626,bank_000896,0,2025-12-14T21:05:13
ubl_000897,usr_000627,bank_000897,1,2025-12-31T15:31:59
ubl_000898,usr_000628,bank_000898,1,2025-12-16T13:22:43
ubl_000899,usr_000629,bank_000899,1,2025-12-21T04:32:10
ubl_000900,usr_000630,bank_000900,1,2025-12-23T01:49:14
ubl_000901,usr_000631,bank_000901,1,2025-12-17T07:50:04
ubl_000902,usr_000632,bank_000902,1,2025-12-17T01:08:27
ubl_000903,usr_000632,bank_000903,0,2025-12-13T14:02:30
ubl_000904,usr_000633,bank_000904,1,2025-12-17T12:47:38
ubl_000905,usr_000633,bank_000905,0,2025-12-31T20:10:30
ubl_000906,usr_000634,bank_000906,1,2025-12-28T21:03:49
ubl_000907,usr_000634,bank_000907,0,2025-12-28T18:55:41
ubl_000908,usr_000635,bank_000908,1,2026-01-01T16:38:17
ubl_000909,usr_000636,bank_000909,1,2025-12-12T15:06:17
ubl_000910,usr_000637,bank_000910,1,2025-12-24T14:56:12
ubl_000911,usr_000638,bank_000911,1,2025-12-28T10:09:37
ubl_000912,usr_000639,bank_000912,1,2025-12-31T13:26:28
ubl_000913,usr_000640,bank_000913,1,2025-12-20T08:58:34
ubl_000914,usr_000641,bank_000914,1,2025-12-21T11:49:22
ubl_000915,usr_000642,bank_000915,1,2026-01-01T16:24:06
ubl_000916,usr_000643,bank_000916,1,2025-12-21T14:26:16
ubl_000917,usr_000643,bank_000917,0,2025-12-28T01:23:04
ubl_000918,usr_000644,bank_000918,1,2025-12-18T17:57:23
ubl_000919,usr_000644,bank_000919,0,2025-12-12T12:39:31
ubl_000920,usr_000645,bank_000920,1,2025-12-22T23:33:02
ubl_000921,usr_000646,bank_000921,1,2025-12-21T03:30:59
ubl_000922,usr_000646,bank_000922,0,2026-01-01T23:59:00
ubl_000923,usr_000647,bank_000923,1,2025-12-20T20:43:17
ubl_000924,usr_000648,bank_000924,1,2025-12-24T16:41:48
ubl_000925,usr_000649,bank_000925,1,2025-12-28T15:42:32
ubl_000926,usr_000649,bank_000926,0,2025-12-27T07:53:12
ubl_000927,usr_000650,bank_000927,1,2025-12-13T10:17:29
ubl_000928,usr_000651,bank_000928,1,2025-12-14T22:20:39
ubl_000929,usr_000652,bank_000929,1,2025-12-12T10:02:11
ubl_000930,usr_000653,bank_000930,1,2025-12-23T12:23:01
ubl_000931,usr_000654,bank_000931,1,2026-01-01T20:36:40
ubl_000932,usr_000655,bank_000932,1,2025-12-19T13:25:23
ubl_000933,usr_000656,bank_000933,1,2025-12-30T21:52:57
ubl_000934,usr_000656,bank_000934,0,2025-12-24T10:41:10
ubl_000935,usr_000657,bank_000935,1,2025-12-23T07:03:09
ubl_000936,usr_000658,bank_000936,1,2025-12-22T12:42:42
ubl_000937,usr_000659,bank_000937,1,2025-12-16T21:18:24
ubl_000938,usr_000659,bank_000938,0,2025-12-26T13:24:10
ubl_000939,usr_000660,bank_000939,1,2025-12-22T19:00:15
ubl_000940,usr_000660,bank_000940,0,2025-12-22T18:34:48
ubl_000941,usr_000661,bank_000941,1,2025-12-21T14:51:27
ubl_000942,usr_000662,bank_000942,1,2025-12-26T16:54:14
ubl_000943,usr_000662,bank_000943,0,2025-12-29T10:02:59
ubl_000944,usr_000663,bank_000944,1,2025-12-25T07:47:18
ubl_000945,usr_000663,bank_000945,0,2025-12-18T15:30:56
ubl_000946,usr_000664,bank_000946,1,2025-12-28T02:57:04
ubl_000947,usr_000665,bank_000947,1,2025-12-30T07:25:18
ubl_000948,usr_000665,bank_000948,0,2025-12-18T14:35:51
ubl_000949,usr_000666,bank_000949,1,2025-12-14T21:48:33
ubl_000950,usr_000666,bank_000950,0,2025-12-12T14:58:44
ubl_000951,usr_000667,bank_000951,1,2025-12-30T15:20:15
ubl_000952,usr_000667,bank_000952,0,2025-12-17T08:40:19
ubl_000953,usr_000668,bank_000953,1,2025-12-29T14:08:18
ubl_000954,usr_000669,bank_000954,1,2025-12-19T17:53:23
ubl_000955,usr_000670,bank_000955,1,2025-12-28T09:50:37
ubl_000956,usr_000670,bank_000956,0,2025-12-26T19:48:10
ubl_000957,usr_000671,bank_000957,1,2025-12-16T11:10:43
ubl_000958,usr_000671,bank_000958,0,2025-12-13T10:23:28
ubl_000959,usr_000672,bank_000959,1,2026-01-01T23:59:00
ubl_000960,usr_000673,bank_000960,1,2025-12-31T08:10:41
ubl_000961,usr_000674,bank_000961,1,2025-12-15T00:18:06
ubl_000962,usr_000674,bank_000962,0,2025-12-31T15:42:44
ubl_000963,usr_000675,bank_000963,1,2025-12-28T15:25:38
ubl_000964,usr_000675,bank_000964,0,2025-12-30T20:07:34
ubl_000965,usr_000676,bank_000965,1,2025-12-12T14:33:38
ubl_000966,usr_000677,bank_000966,1,2025-12-27T18:33:25
ubl_000967,usr_000678,bank_000967,1,2025-12-16T10:24:10
ubl_000968,usr_000679,bank_000968,1,2025-12-18T17:57:20
ubl_000969,usr_000680,bank_000969,1,2025-12-21T18:05:35
ubl_000970,usr_000680,bank_000970,0,2025-12-14T17:45:42
ubl_000971,usr_000681,bank_000971,1,2025-12-17T16:52:27
ubl_000972,usr_000682,bank_000972,1,2025-12-24T16:40:41
ubl_000973,usr_000682,bank_000973,0,2025-12-26T14:09:21
ubl_000974,usr_000682,bank_000974,0,2025-12-24T17:38:50
ubl_000975,usr_000683,bank_000975,1,2026-01-01T12:47:39
ubl_000976,usr_000684,bank_000976,1,2025-12-28T14:33:12
ubl_000977,usr_000684,bank_000977,0,2025-12-25T23:41:37
ubl_000978,usr_000685,bank_000978,1,2025-12-26T01:37:01
ubl_000979,usr_000686,bank_000979,1,2026-01-01T10:39:51
ubl_000980,usr_000687,bank_000980,1,2025-12-14T15:59:02
ubl_000981,usr_000687,bank_000981,0,2025-12-24T20:13:02
ubl_000982,usr_000688,bank_000982,1,2025-12-23T20:29:40
ubl_000983,usr_000688,bank_000983,0,2025-12-23T11:56:14
ubl_000984,usr_000689,bank_000984,1,2025-12-21T12:12:16
ubl_000985,usr_000690,bank_000985,1,2025-12-28T23:05:06
ubl_000986,usr_000690,bank_000986,0,2025-12-19T09:43:53
ubl_000987,usr_000691,bank_000987,1,2025-12-29T16:27:17
ubl_000988,usr_000692,bank_000988,1,2026-01-01T18:14:46
ubl_000989,usr_000692,bank_000989,0,2025-12-12T07:56:39
ubl_000990,usr_000693,bank_000990,1,2025-12-14T16:46:26
ubl_000991,usr_000694,bank_000991,1,2025-12-15T21:47:18
ubl_000992,usr_000694,bank_000992,0,2025-12-16T12:08:25
ubl_000993,usr_000695,bank_000993,1,2025-12-20T22:28:55
ubl_000994,usr_000696,bank_000994,1,2025-12-28T12:34:42
ubl_000995,usr_000697,bank_000995,1,2025-12-21T17:16:06
ubl_000996,usr_000697,bank_000996,0,2026-01-01T10:55:14
ubl_000997,usr_000698,bank_000997,1,2025-12-27T13:00:58
ubl_000998,usr_000699,bank_000998,1,2025-12-15T22:32:00
ubl_000999,usr_000700,bank_000999,1,2025-12-23T13:54:44
ubl_001000,usr_000701,bank_001000,1,2025-12-23T12:57:32
ubl_001001,usr_000702,bank_001001,1,2025-12-14T15:07:30
ubl_001002,usr_000702,bank_001002,0,2025-12-29T20:37:16
ubl_001003,usr_000703,bank_001003,1,2025-12-31T09:52:57
ubl_001004,usr_000704,bank_001004,1,2025-12-27T20:34:30
ubl_001005,usr_000705,bank_001005,1,2025-12-27T14:23:46
ubl_001006,usr_000706,bank_001006,1,2025-12-21T13:42:47
ubl_001007,usr_000706,bank_001007,0,2025-12-31T23:06:54
ubl_001008,usr_000707,bank_001008,1,2025-12-12T22:21:38
ubl_001009,usr_000708,bank_001009,1,2025-12-13T11:55:20
ubl_001010,usr_000708,bank_001010,0,2025-12-22T21:19:03
ubl_001011,usr_000709,bank_001011,1,2025-12-13T01:18:22
ubl_001012,usr_000709,bank_001012,0,2025-12-17T21:17:49
ubl_001013,usr_000710,bank_001013,1,2025-12-17T11:23:46
ubl_001014,usr_000710,bank_001014,0,2025-12-15T16:12:42
ubl_001015,usr_000711,bank_001015,1,2025-12-12T16:33:58
ubl_001016,usr_000712,bank_001016,1,2025-12-13T09:45:23
ubl_001017,usr_000713,bank_001017,1,2025-12-16T08:18:11
ubl_001018,usr_000714,bank_001018,1,2025-12-25T18:17:00
ubl_001019,usr_000715,bank_001019,1,2025-12-19T17:10:38
ubl_001020,usr_000716,bank_001020,1,2025-12-25T08:27:11
ubl_001021,usr_000716,bank_001021,0,2025-12-30T14:55:29
ubl_001022,usr_000717,bank_001022,1,2025-12-21T18:56:46
ubl_001023,usr_000718,bank_001023,1,2025-12-18T22:52:51
ubl_001024,usr_000719,bank_001024,1,2025-12-18T10:00:35
ubl_001025,usr_000719,bank_001025,0,2025-12-28T21:43:29
ubl_001026,usr_000720,bank_001026,1,2025-12-15T23:42:03
ubl_001027,usr_000721,bank_001027,1,2025-12-22T16:46:14
ubl_001028,usr_000722,bank_001028,1,2025-12-26T16:24:18
ubl_001029,usr_000723,bank_001029,1,2025-12-20T11:52:03
ubl_001030,usr_000724,bank_001030,1,2026-01-01T07:16:33
ubl_001031,usr_000725,bank_001031,1,2025-12-15T07:41:54
ubl_001032,usr_000726,bank_001032,1,2025-12-13T21:43:37
ubl_001033,usr_000727,bank_001033,1,2025-12-28T13:46:04
ubl_001034,usr_000728,bank_001034,1,2025-12-19T11:45:44
ubl_001035,usr_000728,bank_001035,0,2025-12-30T08:42:15
ubl_001036,usr_000729,bank_001036,1,2025-12-30T13:02:25
ubl_001037,usr_000730,bank_001037,1,2025-12-30T11:28:25
ubl_001038,usr_000731,bank_001038,1,2025-12-18T18:21:52
ubl_001039,usr_000732,bank_001039,1,2025-12-18T12:31:00
ubl_001040,usr_000733,bank_001040,1,2025-12-23T10:25:05
ubl_001041,usr_000734,bank_001041,1,2025-12-30T15:32:51
ubl_001042,usr_000735,bank_001042,1,2025-12-31T00:32:21
ubl_001043,usr_000736,bank_001043,1,2025-12-28T21:32:43
ubl_001044,usr_000737,bank_001044,1,2025-12-20T15:25:02
ubl_001045,usr_000737,bank_001045,0,2026-01-01T23:59:00
ubl_001046,usr_000738,bank_001046,1,2025-12-21T17:08:02
ubl_001047,usr_000738,bank_001047,0,2025-12-13T14:28:28
ubl_001048,usr_000739,bank_001048,1,2025-12-29T14:33:10
ubl_001049,usr_000740,bank_001049,1,2025-12-21T03:48:07
ubl_001050,usr_000740,bank_001050,0,2026-01-01T23:59:00
ubl_001051,usr_000741,bank_001051,1,2025-12-31T10:03:17
ubl_001052,usr_000742,bank_001052,1,2025-12-20T01:31:10
ubl_001053,usr_000742,bank_001053,0,2025-12-26T12:30:50
ubl_001054,usr_000743,bank_001054,1,2026-01-01T23:59:00
ubl_001055,usr_000744,bank_001055,1,2025-12-16T15:23:44
ubl_001056,usr_000745,bank_001056,1,2025-12-15T17:54:25
ubl_001057,usr_000746,bank_001057,1,2025-12-27T10:34:42
ubl_001058,usr_000747,bank_001058,1,2025-12-30T15:39:55
ubl_001059,usr_000747,bank_001059,0,2025-12-20T02:03:27
ubl_001060,usr_000748,bank_001060,1,2025-12-12T09:43:44
ubl_001061,usr_000749,bank_001061,1,2025-12-18T18:57:36
ubl_001062,usr_000750,bank_001062,1,2025-12-25T16:21:20
ubl_001063,usr_000750,bank_001063,0,2025-12-17T18:53:21
ubl_001064,usr_000751,bank_001064,1,2025-12-13T12:38:16
ubl_001065,usr_000752,bank_001065,1,2025-12-30T16:07:59
ubl_001066,usr_000752,bank_001066,0,2025-12-15T17:45:24
ubl_001067,usr_000753,bank_001067,1,2025-12-20T08:42:45
ubl_001068,usr_000754,bank_001068,1,2025-12-14T08:14:44
ubl_001069,usr_000755,bank_001069,1,2025-12-30T18:21:46
ubl_001070,usr_000756,bank_001070,1,2025-12-31T12:40:20
ubl_001071,usr_000756,bank_001071,0,2025-12-21T10:59:41
ubl_001072,usr_000757,bank_001072,1,2025-12-13T20:54:04
ubl_001073,usr_000758,bank_001073,1,2025-12-23T10:44:27
ubl_001074,usr_000759,bank_001074,1,2025-12-13T11:38:33
ubl_001075,usr_000760,bank_001075,1,2025-12-24T19:28:04
ubl_001076,usr_000760,bank_001076,0,2025-12-12T11:22:41
ubl_001077,usr_000761,bank_001077,1,2025-12-28T10:31:20
ubl_001078,usr_000761,bank_001078,0,2026-01-01T16:28:38
ubl_001079,usr_000762,bank_001079,1,2025-12-21T13:27:20
ubl_001080,usr_000762,bank_001080,0,2025-12-20T13:09:32
ubl_001081,usr_000763,bank_001081,1,2025-12-30T16:53:39
ubl_001082,usr_000763,bank_001082,0,2025-12-23T10:58:40
ubl_001083,usr_000764,bank_001083,1,2025-12-26T15:24:30
ubl_001084,usr_000765,bank_001084,1,2025-12-28T16:25:31
ubl_001085,usr_000766,bank_001085,1,2025-12-20T15:51:01
ubl_001086,usr_000767,bank_001086,1,2025-12-14T22:53:47
ubl_001087,usr_000767,bank_001087,0,2025-12-16T03:42:48
ubl_001088,usr_000768,bank_001088,1,2025-12-12T17:57:56
ubl_001089,usr_000768,bank_001089,0,2025-12-22T23:15:11
ubl_001090,usr_000769,bank_001090,1,2025-12-22T21:59:24
ubl_001091,usr_000769,bank_001091,0,2025-12-17T20:53:33
ubl_001092,usr_000770,bank_001092,1,2025-12-25T11:01:03
ubl_001093,usr_000770,bank_001093,0,2025-12-18T23:52:01
ubl_001094,usr_000771,bank_001094,1,2025-12-17T22:05:50
ubl_001095,usr_000771,bank_001095,0,2025-12-25T23:32:01
ubl_001096,usr_000772,bank_001096,1,2025-12-22T01:09:20
ubl_001097,usr_000772,bank_001097,0,2025-12-17T14:16:23
ubl_001098,usr_000773,bank_001098,1,2025-12-14T14:21:59
ubl_001099,usr_000774,bank_001099,1,2025-12-21T17:26:09
ubl_001100,usr_000774,bank_001100,0,2025-12-20T20:09:11
ubl_001101,usr_000775,bank_001101,1,2025-12-27T09:20:13
ubl_001102,usr_000776,bank_001102,1,2025-12-29T09:21:49
ubl_001103,usr_000776,bank_001103,0,2025-12-15T21:36:43
ubl_001104,usr_000776,bank_001104,0,2025-12-17T13:38:38
ubl_001105,usr_000777,bank_001105,1,2025-12-20T14:38:48
ubl_001106,usr_000777,bank_001106,0,2025-12-28T22:19:54
ubl_001107,usr_000778,bank_001107,1,2025-12-20T11:27:07
ubl_001108,usr_000779,bank_001108,1,2025-12-26T15:23:32
ubl_001109,usr_000779,bank_001109,0,2025-12-22T23:17:14
ubl_001110,usr_000780,bank_001110,1,2025-12-13T16:29:45
ubl_001111,usr_000781,bank_001111,1,2025-12-17T23:31:40
ubl_001112,usr_000781,bank_001112,0,2025-12-25T17:51:52
ubl_001113,usr_000782,bank_001113,1,2025-12-30T18:04:50
ubl_001114,usr_000782,bank_001114,0,2025-12-26T07:45:22
ubl_001115,usr_000783,bank_001115,1,2025-12-20T23:16:51
ubl_001116,usr_000783,bank_001116,0,2025-12-21T18:31:43
ubl_001117,usr_000784,bank_001117,1,2025-12-19T22:15:56
ubl_001118,usr_000785,bank_001118,1,2025-12-20T15:02:38
ubl_001119,usr_000785,bank_001119,0,2025-12-27T10:39:15
ubl_001120,usr_000786,bank_001120,1,2025-12-22T18:04:00
ubl_001121,usr_000786,bank_001121,0,2026-01-01T23:59:00
ubl_001122,usr_000787,bank_001122,1,2025-12-31T15:21:52
ubl_001123,usr_000788,bank_001123,1,2025-12-18T13:36:56
ubl_001124,usr_000789,bank_001124,1,2025-12-21T20:34:27
ubl_001125,usr_000790,bank_001125,1,2025-12-21T21:53:00
ubl_001126,usr_000790,bank_001126,0,2025-12-17T11:45:18
ubl_001127,usr_000791,bank_001127,1,2025-12-21T13:37:54
ubl_001128,usr_000792,bank_001128,1,2026-01-01T16:21:09
ubl_001129,usr_000793,bank_001129,1,2025-12-12T19:01:43
ubl_001130,usr_000793,bank_001130,0,2025-12-25T15:02:53
ubl_001131,usr_000794,bank_001131,1,2025-12-27T11:44:26
ubl_001132,usr_000794,bank_001132,0,2025-12-23T16:42:57
ubl_001133,usr_000795,bank_001133,1,2026-01-01T23:59:00
ubl_001134,usr_000796,bank_001134,1,2025-12-29T09:37:22
ubl_001135,usr_000797,bank_001135,1,2025-12-13T23:42:30
ubl_001136,usr_000798,bank_001136,1,2025-12-16T01:17:00
ubl_001137,usr_000799,bank_001137,1,2025-12-28T15:59:37
ubl_001138,usr_000800,bank_001138,1,2025-12-20T16:51:23
ubl_001139,usr_000800,bank_001139,0,2025-12-22T08:45:56
ubl_001140,usr_000801,bank_001140,1,2025-12-12T22:43:13
ubl_001141,usr_000802,bank_001141,1,2025-12-12T15:12:40
ubl_001142,usr_000802,bank_001142,0,2025-12-17T01:10:05
ubl_001143,usr_000803,bank_001143,1,2025-12-30T20:21:12
ubl_001144,usr_000804,bank_001144,1,2025-12-21T11:42:33
ubl_001145,usr_000805,bank_001145,1,2025-12-31T11:28:24
ubl_001146,usr_000806,bank_001146,1,2025-12-16T14:08:21
ubl_001147,usr_000807,bank_001147,1,2025-12-18T00:03:09
ubl_001148,usr_000808,bank_001148,1,2025-12-31T00:13:24
ubl_001149,usr_000809,bank_001149,1,2025-12-24T14:05:39
ubl_001150,usr_000809,bank_001150,0,2025-12-28T12:04:06
ubl_001151,usr_000810,bank_001151,1,2026-01-01T23:59:00
ubl_001152,usr_000810,bank_001152,0,2025-12-27T20:14:03
ubl_001153,usr_000810,bank_001153,0,2025-12-26T17:59:56
ubl_001154,usr_000811,bank_001154,1,2025-12-19T12:43:40
ubl_001155,usr_000811,bank_001155,0,2025-12-15T14:10:45
ubl_001156,usr_000811,bank_001156,0,2025-12-22T11:24:36
ubl_001157,usr_000812,bank_001157,1,2025-12-30T21:22:39
ubl_001158,usr_000813,bank_001158,1,2025-12-13T18:00:58
ubl_001159,usr_000814,bank_001159,1,2025-12-27T18:53:07
ubl_001160,usr_000815,bank_001160,1,2025-12-20T22:24:20
ubl_001161,usr_000815,bank_001161,0,2025-12-17T18:54:33
ubl_001162,usr_000816,bank_001162,1,2025-12-12T17:33:26
ubl_001163,usr_000817,bank_001163,1,2025-12-21T22:20:55
ubl_001164,usr_000818,bank_001164,1,2025-12-22T19:22:24
ubl_001165,usr_000818,bank_001165,0,2025-12-28T16:48:26
ubl_001166,usr_000818,bank_001166,0,2026-01-01T07:50:14
ubl_001167,usr_000819,bank_001167,1,2026-01-01T13:56:28
ubl_001168,usr_000819,bank_001168,0,2026-01-01T04:53:05
ubl_001169,usr_000820,bank_001169,1,2025-12-19T07:29:21
ubl_001170,usr_000821,bank_001170,1,2025-12-30T13:08:50
ubl_001171,usr_000822,bank_001171,1,2025-12-24T03:38:11
ubl_001172,usr_000823,bank_001172,1,2026-01-01T23:59:00
ubl_001173,usr_000823,bank_001173,0,2025-12-22T10:37:19
ubl_001174,usr_000824,bank_001174,1,2025-12-16T08:59:35
ubl_001175,usr_000825,bank_001175,1,2025-12-21T09:52:36
ubl_001176,usr_000826,bank_001176,1,2025-12-23T12:44:57
ubl_001177,usr_000827,bank_001177,1,2025-12-18T10:47:22
ubl_001178,usr_000827,bank_001178,0,2025-12-13T11:11:52
ubl_001179,usr_000828,bank_001179,1,2025-12-12T07:35:42
ubl_001180,usr_000829,bank_001180,1,2025-12-23T16:00:06
ubl_001181,usr_000829,bank_001181,0,2025-12-22T19:26:08
ubl_001182,usr_000830,bank_001182,1,2025-12-25T13:07:24
ubl_001183,usr_000831,bank_001183,1,2025-12-25T20:45:16
ubl_001184,usr_000832,bank_001184,1,2025-12-22T23:51:33
ubl_001185,usr_000832,bank_001185,0,2025-12-23T19:39:46
ubl_001186,usr_000833,bank_001186,1,2025-12-19T17:32:11
ubl_001187,usr_000834,bank_001187,1,2025-12-31T21:04:41
ubl_001188,usr_000834,bank_001188,0,2026-01-01T20:06:01
ubl_001189,usr_000835,bank_001189,1,2025-12-13T16:48:36
ubl_001190,usr_000835,bank_001190,0,2026-01-01T19:48:45
ubl_001191,usr_000836,bank_001191,1,2025-12-13T09:36:59
ubl_001192,usr_000837,bank_001192,1,2025-12-27T16:52:46
ubl_001193,usr_000837,bank_001193,0,2025-12-13T21:08:31
ubl_001194,usr_000838,bank_001194,1,2025-12-28T17:49:59
ubl_001195,usr_000838,bank_001195,0,2025-12-26T10:07:11
ubl_001196,usr_000839,bank_001196,1,2025-12-29T16:46:52
ubl_001197,usr_000840,bank_001197,1,2025-12-20T08:26:25
ubl_001198,usr_000840,bank_001198,0,2025-12-12T17:57:20
ubl_001199,usr_000841,bank_001199,1,2025-12-31T19:32:12
ubl_001200,usr_000842,bank_001200,1,2025-12-31T16:12:59
ubl_001201,usr_000843,bank_001201,1,2025-12-20T10:10:16
ubl_001202,usr_000843,bank_001202,0,2025-12-20T03:31:12
ubl_001203,usr_000844,bank_001203,1,2025-12-31T22:27:27
ubl_001204,usr_000845,bank_001204,1,2025-12-15T21:31:46
ubl_001205,usr_000845,bank_001205,0,2025-12-25T14:46:43
ubl_001206,usr_000846,bank_001206,1,2025-12-28T20:59:36
ubl_001207,usr_000846,bank_001207,0,2025-12-20T13:27:21
ubl_001208,usr_000847,bank_001208,1,2025-12-27T16:51:32
ubl_001209,usr_000847,bank_001209,0,2025-12-24T15:14:53
ubl_001210,usr_000848,bank_001210,1,2025-12-29T15:36:26
ubl_001211,usr_000849,bank_001211,1,2025-12-12T19:53:56
ubl_001212,usr_000849,bank_001212,0,2025-12-24T11:54:53
ubl_001213,usr_000850,bank_001213,1,2025-12-20T12:15:31
ubl_001214,usr_000851,bank_001214,1,2025-12-18T13:30:53
ubl_001215,usr_000852,bank_001215,1,2025-12-15T02:27:26
ubl_001216,usr_000853,bank_001216,1,2025-12-25T14:27:17
ubl_001217,usr_000853,bank_001217,0,2025-12-15T12:35:33
ubl_001218,usr_000854,bank_001218,1,2025-12-17T15:56:51
ubl_001219,usr_000855,bank_001219,1,2025-12-20T07:05:32
ubl_001220,usr_000856,bank_001220,1,2025-12-23T18:06:52
ubl_001221,usr_000856,bank_001221,0,2025-12-15T13:04:22
ubl_001222,usr_000857,bank_001222,1,2025-12-28T09:15:57
ubl_001223,usr_000858,bank_001223,1,2025-12-31T07:53:32
ubl_001224,usr_000859,bank_001224,1,2025-12-16T09:16:37
ubl_001225,usr_000859,bank_001225,0,2025-12-30T12:49:19
ubl_001226,usr_000860,bank_001226,1,2025-12-21T19:27:02
ubl_001227,usr_000860,bank_001227,0,2025-12-28T13:54:29
ubl_001228,usr_000860,bank_001228,0,2025-12-21T15:36:10
ubl_001229,usr_000861,bank_001229,1,2025-12-20T09:18:47
ubl_001230,usr_000862,bank_001230,1,2025-12-27T13:50:24
ubl_001231,usr_000862,bank_001231,0,2025-12-30T17:45:47
ubl_001232,usr_000863,bank_001232,1,2025-12-21T12:58:30
ubl_001233,usr_000864,bank_001233,1,2025-12-31T19:12:45
ubl_001234,usr_000865,bank_001234,1,2025-12-30T04:36:38
ubl_001235,usr_000865,bank_001235,0,2025-12-15T23:36:18
ubl_001236,usr_000866,bank_001236,1,2026-01-01T23:59:00
ubl_001237,usr_000866,bank_001237,0,2025-12-13T00:42:49
ubl_001238,usr_000867,bank_001238,1,2025-12-31T18:35:02
ubl_001239,usr_000867,bank_001239,0,2025-12-31T13:07:51
ubl_001240,usr_000868,bank_001240,1,2025-12-21T20:08:23
ubl_001241,usr_000868,bank_001241,0,2025-12-24T13:48:40
ubl_001242,usr_000869,bank_001242,1,2025-12-16T20:57:13
ubl_001243,usr_000869,bank_001243,0,2025-12-13T16:15:29
ubl_001244,usr_000870,bank_001244,1,2025-12-15T15:26:32
ubl_001245,usr_000871,bank_001245,1,2026-01-01T08:56:20
ubl_001246,usr_000872,bank_001246,1,2025-12-12T08:09:31
ubl_001247,usr_000872,bank_001247,0,2025-12-15T23:22:08
ubl_001248,usr_000873,bank_001248,1,2025-12-26T10:42:55
ubl_001249,usr_000873,bank_001249,0,2025-12-31T11:54:34
ubl_001250,usr_000874,bank_001250,1,2025-12-31T19:46:21
ubl_001251,usr_000874,bank_001251,0,2025-12-13T11:12:03
ubl_001252,usr_000875,bank_001252,1,2025-12-18T16:35:09
ubl_001253,usr_000876,bank_001253,1,2025-12-24T07:24:33
ubl_001254,usr_000877,bank_001254,1,2026-01-01T14:15:57
ubl_001255,usr_000878,bank_001255,1,2025-12-19T12:31:00
ubl_001256,usr_000878,bank_001256,0,2025-12-19T12:11:26
ubl_001257,usr_000879,bank_001257,1,2025-12-28T07:52:03
ubl_001258,usr_000880,bank_001258,1,2025-12-17T16:35:35
ubl_001259,usr_000881,bank_001259,1,2025-12-30T16:37:18
ubl_001260,usr_000881,bank_001260,0,2025-12-12T18:37:28
ubl_001261,usr_000882,bank_001261,1,2025-12-16T18:59:38
ubl_001262,usr_000883,bank_001262,1,2025-12-18T07:04:28
ubl_001263,usr_000883,bank_001263,0,2025-12-24T14:08:06
ubl_001264,usr_000884,bank_001264,1,2025-12-28T18:44:21
ubl_001265,usr_000884,bank_001265,0,2025-12-17T21:11:23
ubl_001266,usr_000885,bank_001266,1,2025-12-15T18:04:45
ubl_001267,usr_000886,bank_001267,1,2025-12-13T22:02:39
ubl_001268,usr_000887,bank_001268,1,2025-12-17T16:59:43
ubl_001269,usr_000888,bank_001269,1,2025-12-29T10:28:33
ubl_001270,usr_000888,bank_001270,0,2025-12-18T11:28:58
ubl_001271,usr_000889,bank_001271,1,2026-01-01T23:59:00
ubl_001272,usr_000890,bank_001272,1,2025-12-30T16:41:50
ubl_001273,usr_000891,bank_001273,1,2025-12-17T14:09:51
ubl_001274,usr_000891,bank_001274,0,2025-12-30T08:36:44
ubl_001275,usr_000892,bank_001275,1,2025-12-24T20:13:53
ubl_001276,usr_000893,bank_001276,1,2025-12-27T12:16:40
ubl_001277,usr_000893,bank_001277,0,2025-12-26T14:49:12
ubl_001278,usr_000894,bank_001278,1,2025-12-15T11:08:04
ubl_001279,usr_000895,bank_001279,1,2026-01-01T23:59:00
ubl_001280,usr_000895,bank_001280,0,2025-12-22T08:08:00
ubl_001281,usr_000896,bank_001281,1,2025-12-31T13:37:32
ubl_001282,usr_000897,bank_001282,1,2025-12-31T10:59:52
ubl_001283,usr_000898,bank_001283,1,2025-12-28T12:24:32
ubl_001284,usr_000899,bank_001284,1,2026-01-01T23:59:00
ubl_001285,usr_000900,bank_001285,1,2025-12-31T23:46:41
ubl_001286,usr_000900,bank_001286,0,2025-12-21T21:20:41
ubl_001287,usr_000901,bank_001287,1,2025-12-23T13:32:45
ubl_001288,usr_000902,bank_001288,1,2026-01-01T23:59:00
ubl_001289,usr_000902,bank_001289,0,2025-12-12T07:55:07
ubl_001290,usr_000903,bank_001290,1,2025-12-12T20:30:55
ubl_001291,usr_000904,bank_001291,1,2025-12-13T09:57:55
ubl_001292,usr_000904,bank_001292,0,2025-12-26T18:59:44
ubl_001293,usr_000905,bank_001293,1,2025-12-27T17:11:12
ubl_001294,usr_000905,bank_001294,0,2025-12-29T19:30:27
ubl_001295,usr_000906,bank_001295,1,2025-12-20T17:15:39
ubl_001296,usr_000906,bank_001296,0,2025-12-30T07:08:25
ubl_001297,usr_000907,bank_001297,1,2025-12-20T16:20:01
ubl_001298,usr_000907,bank_001298,0,2025-12-28T16:19:54
ubl_001299,usr_000908,bank_001299,1,2025-12-25T20:07:32
ubl_001300,usr_000909,bank_001300,1,2025-12-16T15:26:37
ubl_001301,usr_000910,bank_001301,1,2025-12-23T20:35:58
ubl_001302,usr_000910,bank_001302,0,2025-12-17T03:32:50
ubl_001303,usr_000911,bank_001303,1,2025-12-13T23:40:10
ubl_001304,usr_000912,bank_001304,1,2026-01-01T17:12:13
ubl_001305,usr_000913,bank_001305,1,2025-12-30T11:08:24
ubl_001306,usr_000914,bank_001306,1,2026-01-01T11:57:29
ubl_001307,usr_000914,bank_001307,0,2025-12-18T12:49:30
ubl_001308,usr_000915,bank_001308,1,2026-01-01T23:59:00
ubl_001309,usr_000915,bank_001309,0,2025-12-18T08:31:52
ubl_001310,usr_000916,bank_001310,1,2025-12-16T17:44:49
ubl_001311,usr_000916,bank_001311,0,2025-12-24T10:03:05
ubl_001312,usr_000917,bank_001312,1,2025-12-30T11:20:02
ubl_001313,usr_000918,bank_001313,1,2025-12-26T02:13:20
ubl_001314,usr_000919,bank_001314,1,2025-12-20T10:13:38
ubl_001315,usr_000919,bank_001315,0,2025-12-23T08:09:58
ubl_001316,usr_000920,bank_001316,1,2025-12-19T18:32:13
ubl_001317,usr_000920,bank_001317,0,2025-12-14T14:07:43
ubl_001318,usr_000921,bank_001318,1,2025-12-29T08:04:34
ubl_001319,usr_000922,bank_001319,1,2025-12-20T15:00:17
ubl_001320,usr_000922,bank_001320,0,2025-12-21T13:04:00
ubl_001321,usr_000923,bank_001321,1,2025-12-16T18:47:20
ubl_001322,usr_000923,bank_001322,0,2025-12-12T10:11:11
ubl_001323,usr_000924,bank_001323,1,2025-12-12T15:57:11
ubl_001324,usr_000925,bank_001324,1,2025-12-31T17:08:54
ubl_001325,usr_000925,bank_001325,0,2025-12-28T19:21:50
ubl_001326,usr_000926,bank_001326,1,2026-01-01T23:59:00
ubl_001327,usr_000927,bank_001327,1,2026-01-01T11:29:05
ubl_001328,usr_000928,bank_001328,1,2025-12-20T22:29:03
ubl_001329,usr_000929,bank_001329,1,2025-12-19T12:17:53
ubl_001330,usr_000929,bank_001330,0,2025-12-30T20:05:42
ubl_001331,usr_000930,bank_001331,1,2025-12-18T12:05:25
ubl_001332,usr_000930,bank_001332,0,2025-12-24T17:58:53
ubl_001333,usr_000931,bank_001333,1,2025-12-30T02:58:29
ubl_001334,usr_000932,bank_001334,1,2025-12-14T16:53:39
ubl_001335,usr_000933,bank_001335,1,2025-12-29T14:36:42
ubl_001336,usr_000934,bank_001336,1,2025-12-18T23:03:29
ubl_001337,usr_000934,bank_001337,0,2025-12-16T23:19:11
ubl_001338,usr_000935,bank_001338,1,2025-12-25T12:54:58
ubl_001339,usr_000936,bank_001339,1,2026-01-01T11:03:10
ubl_001340,usr_000937,bank_001340,1,2025-12-14T12:41:39
ubl_001341,usr_000938,bank_001341,1,2025-12-18T17:41:04
ubl_001342,usr_000939,bank_001342,1,2025-12-26T10:19:14
ubl_001343,usr_000939,bank_001343,0,2025-12-23T22:39:39
ubl_001344,usr_000940,bank_001344,1,2025-12-17T12:11:19
ubl_001345,usr_000940,bank_001345,0,2025-12-27T21:38:52
ubl_001346,usr_000940,bank_001346,0,2025-12-21T13:38:10
ubl_001347,usr_000941,bank_001347,1,2025-12-15T01:13:46
ubl_001348,usr_000942,bank_001348,1,2025-12-17T16:36:52
ubl_001349,usr_000943,bank_001349,1,2025-12-23T09:37:38
ubl_001722,usr_000943,bank_001720,0,2026-01-29T13:59:00
ubl_001350,usr_000944,bank_001350,1,2025-12-27T17:37:28
ubl_001351,usr_000945,bank_001351,1,2025-12-18T12:03:07
ubl_001352,usr_000946,bank_001352,1,2025-12-31T13:00:22
ubl_001353,usr_000946,bank_001353,0,2025-12-28T15:36:12
ubl_001354,usr_000947,bank_001354,1,2026-01-01T23:59:00
ubl_001355,usr_000948,bank_001355,1,2025-12-21T11:16:00
ubl_001356,usr_000949,bank_001356,1,2025-12-30T15:19:08
ubl_001357,usr_000950,bank_001357,1,2025-12-18T07:00:07
ubl_001358,usr_000950,bank_001358,0,2025-12-20T17:04:17
ubl_001359,usr_000951,bank_001359,1,2025-12-21T09:11:43
ubl_001360,usr_000951,bank_001360,0,2025-12-15T17:50:42
ubl_001361,usr_000952,bank_001361,1,2025-12-13T15:57:41
ubl_001362,usr_000953,bank_001362,1,2025-12-22T08:57:31
ubl_001363,usr_000953,bank_001363,0,2025-12-25T08:15:43
ubl_001364,usr_000954,bank_001364,1,2025-12-24T22:13:35
ubl_001365,usr_000954,bank_001365,0,2025-12-20T16:10:42
ubl_001366,usr_000954,bank_001366,0,2025-12-28T02:27:48
ubl_001367,usr_000955,bank_001367,1,2025-12-13T22:58:39
ubl_001368,usr_000956,bank_001368,1,2025-12-23T02:37:33
ubl_001369,usr_000957,bank_001369,1,2025-12-31T12:16:42
ubl_001370,usr_000958,bank_001370,1,2025-12-31T22:02:50
ubl_001371,usr_000959,bank_001371,1,2025-12-18T12:03:49
ubl_001372,usr_000959,bank_001372,0,2025-12-23T11:52:58
ubl_001373,usr_000960,bank_001373,1,2025-12-30T21:13:55
ubl_001374,usr_000961,bank_001374,1,2025-12-15T11:02:06
ubl_001375,usr_000962,bank_001375,1,2026-01-01T23:59:00
ubl_001376,usr_000962,bank_001376,0,2025-12-19T14:29:28
ubl_001377,usr_000963,bank_001377,1,2025-12-21T21:50:10
ubl_001378,usr_000963,bank_001378,0,2025-12-18T11:20:15
ubl_001379,usr_000964,bank_001379,1,2026-01-01T23:59:00
ubl_001380,usr_000965,bank_001380,1,2025-12-16T16:38:54
ubl_001381,usr_000966,bank_001381,1,2025-12-15T12:20:26
ubl_001382,usr_000967,bank_001382,1,2026-01-01T23:59:00
ubl_001383,usr_000968,bank_001383,1,2026-01-01T22:54:13
ubl_001384,usr_000969,bank_001384,1,2026-01-01T23:59:00
ubl_001385,usr_000970,bank_001385,1,2025-12-24T09:19:16
ubl_001386,usr_000970,bank_001386,0,2025-12-31T13:01:42
ubl_001387,usr_000971,bank_001387,1,2025-12-17T17:04:56
ubl_001388,usr_000972,bank_001388,1,2025-12-25T11:39:25
ubl_001389,usr_000972,bank_001389,0,2025-12-21T19:50:11
ubl_001390,usr_000973,bank_001390,1,2025-12-22T12:30:29
ubl_001391,usr_000973,bank_001391,0,2025-12-17T17:39:36
ubl_001392,usr_000974,bank_001392,1,2025-12-28T17:14:14
ubl_001393,usr_000975,bank_001393,1,2025-12-25T17:05:29
ubl_001394,usr_000976,bank_001394,1,2025-12-27T10:55:25
ubl_001395,usr_000977,bank_001395,1,2025-12-17T10:18:04
ubl_001396,usr_000978,bank_001396,1,2026-01-01T18:04:09
ubl_001397,usr_000979,bank_001397,1,2025-12-12T08:32:34
ubl_001398,usr_000980,bank_001398,1,2025-12-28T12:11:10
ubl_001399,usr_000981,bank_001399,1,2025-12-18T04:42:56
ubl_001400,usr_000982,bank_001400,1,2025-12-17T20:03:27
ubl_001401,usr_000982,bank_001401,0,2026-01-01T23:59:00
ubl_001402,usr_000983,bank_001402,1,2025-12-30T17:15:52
ubl_001403,usr_000983,bank_001403,0,2025-12-13T21:56:25
ubl_001404,usr_000984,bank_001404,1,2025-12-22T14:28:39
ubl_001405,usr_000984,bank_001405,0,2025-12-19T16:13:24
ubl_001406,usr_000985,bank_001406,1,2025-12-22T00:58:17
ubl_001407,usr_000985,bank_001407,0,2025-12-18T14:26:07
ubl_001408,usr_000986,bank_001408,1,2025-12-24T07:49:06
ubl_001409,usr_000987,bank_001409,1,2025-12-16T08:15:51
ubl_001410,usr_000988,bank_001410,1,2025-12-29T17:13:22
ubl_001411,usr_000989,bank_001411,1,2025-12-19T20:35:41
ubl_001412,usr_000990,bank_001412,1,2025-12-21T13:22:56
ubl_001413,usr_000991,bank_001413,1,2025-12-20T14:08:19
ubl_001414,usr_000991,bank_001414,0,2026-01-01T19:10:10
ubl_001415,usr_000992,bank_001415,1,2026-01-01T23:58:02
ubl_001416,usr_000993,bank_001416,1,2025-12-22T18:53:14
ubl_001417,usr_000994,bank_001417,1,2026-01-01T23:59:00
ubl_001418,usr_000994,bank_001418,0,2025-12-20T03:22:06
ubl_001419,usr_000995,bank_001419,1,2025-12-30T22:46:47
ubl_001420,usr_000996,bank_001420,1,2025-12-29T03:48:38
ubl_001421,usr_000997,bank_001421,1,2025-12-23T13:14:58
ubl_001422,usr_000997,bank_001422,0,2025-12-21T15:59:11
ubl_001423,usr_000998,bank_001423,1,2025-12-25T17:33:44
ubl_001424,usr_000999,bank_001424,1,2025-12-31T14:46:23
ubl_001425,usr_000999,bank_001425,0,2025-12-13T13:26:07
ubl_001426,usr_001000,bank_001426,1,2025-12-15T16:28:56
ubl_001427,usr_001000,bank_001427,0,2025-12-24T14:47:33
ubl_001428,usr_001001,bank_001428,1,2025-12-16T19:55:03
ubl_001429,usr_001002,bank_001429,1,2025-12-21T14:56:17
ubl_001430,usr_001003,bank_001430,1,2025-12-18T21:47:29
ubl_001431,usr_001004,bank_001431,1,2025-12-31T15:37:45
ubl_001432,usr_001005,bank_001432,1,2025-12-12T15:13:19
ubl_001433,usr_001006,bank_001433,1,2025-12-16T13:38:43
ubl_001434,usr_001006,bank_001434,0,2025-12-25T20:18:57
ubl_001435,usr_001007,bank_001435,1,2025-12-23T15:01:23
ubl_001436,usr_001007,bank_001436,0,2025-12-22T11:30:47
ubl_001437,usr_001008,bank_001437,1,2025-12-25T09:42:05
ubl_001438,usr_001008,bank_001438,0,2025-12-28T15:25:54
ubl_001439,usr_001009,bank_001439,1,2025-12-22T11:32:07
ubl_001440,usr_001009,bank_001440,0,2025-12-12T21:08:38
ubl_001441,usr_001010,bank_001441,1,2025-12-16T13:04:13
ubl_001442,usr_001011,bank_001442,1,2025-12-30T12:06:23
ubl_001443,usr_001012,bank_001443,1,2025-12-20T19:22:05
ubl_001444,usr_001013,bank_001444,1,2025-12-23T19:47:47
ubl_001445,usr_001014,bank_001445,1,2025-12-24T10:41:05
ubl_001446,usr_001014,bank_001446,0,2025-12-27T17:52:09
ubl_001447,usr_001015,bank_001447,1,2025-12-12T15:22:41
ubl_001448,usr_001016,bank_001448,1,2025-12-13T11:46:18
ubl_001449,usr_001016,bank_001449,0,2025-12-18T19:30:03
ubl_001450,usr_001017,bank_001450,1,2025-12-15T11:37:00
ubl_001451,usr_001017,bank_001451,0,2025-12-23T17:56:37
ubl_001452,usr_001018,bank_001452,1,2025-12-29T21:13:09
ubl_001453,usr_001018,bank_001453,0,2025-12-22T03:18:30
ubl_001454,usr_001019,bank_001454,1,2025-12-22T19:51:06
ubl_001455,usr_001019,bank_001455,0,2025-12-25T11:33:34
ubl_001456,usr_001020,bank_001456,1,2025-12-19T03:46:50
ubl_001457,usr_001021,bank_001457,1,2026-01-01T14:14:39
ubl_001458,usr_001021,bank_001458,0,2025-12-15T19:24:41
ubl_001459,usr_001022,bank_001459,1,2026-01-01T10:55:09
ubl_001460,usr_001023,bank_001460,1,2025-12-14T13:02:56
ubl_001461,usr_001023,bank_001461,0,2025-12-29T08:57:11
ubl_001462,usr_001023,bank_001462,0,2025-12-25T14:44:52
ubl_001463,usr_001024,bank_001463,1,2025-12-26T09:19:29
ubl_001464,usr_001025,bank_001464,1,2026-01-01T23:59:00
ubl_001720,usr_001025,bank_001720,0,2026-01-29T13:59:00
ubl_001465,usr_001026,bank_001465,1,2025-12-14T22:50:25
ubl_001466,usr_001027,bank_001466,1,2025-12-24T08:51:11
ubl_001467,usr_001028,bank_001467,1,2025-12-26T21:12:14
ubl_001468,usr_001028,bank_001468,0,2025-12-18T10:46:43
ubl_001469,usr_001028,bank_001469,0,2025-12-20T19:52:09
ubl_001470,usr_001029,bank_001470,1,2025-12-28T00:54:28
ubl_001471,usr_001030,bank_001471,1,2025-12-12T13:50:44
ubl_001472,usr_001031,bank_001472,1,2025-12-15T07:59:26
ubl_001473,usr_001031,bank_001473,0,2025-12-15T09:13:05
ubl_001474,usr_001032,bank_001474,1,2025-12-22T20:18:22
ubl_001475,usr_001033,bank_001475,1,2025-12-24T11:36:40
ubl_001476,usr_001033,bank_001476,0,2025-12-16T07:11:58
ubl_001477,usr_001034,bank_001477,1,2025-12-23T12:08:44
ubl_001478,usr_001035,bank_001478,1,2025-12-14T15:05:56
ubl_001479,usr_001036,bank_001479,1,2025-12-17T13:15:05
ubl_001480,usr_001036,bank_001480,0,2025-12-25T13:24:18
ubl_001481,usr_001037,bank_001481,1,2025-12-31T15:27:54
ubl_001482,usr_001037,bank_001482,0,2025-12-16T12:16:55
ubl_001483,usr_001037,bank_001483,0,2025-12-16T11:59:25
ubl_001484,usr_001038,bank_001484,1,2025-12-21T18:19:09
ubl_001485,usr_001039,bank_001485,1,2025-12-21T14:50:46
ubl_001486,usr_001040,bank_001486,1,2025-12-29T10:22:25
ubl_001487,usr_001041,bank_001487,1,2025-12-27T10:37:24
ubl_001488,usr_001042,bank_001488,1,2025-12-25T15:22:53
ubl_001489,usr_001043,bank_001489,1,2025-12-16T03:03:10
ubl_001490,usr_001043,bank_001490,0,2026-01-01T23:59:00
ubl_001491,usr_001044,bank_001491,1,2026-01-01T20:18:37
ubl_001492,usr_001044,bank_001492,0,2025-12-19T12:27:29
ubl_001493,usr_001045,bank_001493,1,2025-12-24T20:47:40
ubl_001494,usr_001045,bank_001494,0,2025-12-12T10:46:45
ubl_001495,usr_001046,bank_001495,1,2025-12-29T10:56:33
ubl_001496,usr_001047,bank_001496,1,2025-12-27T21:13:38
ubl_001497,usr_001048,bank_001497,1,2025-12-16T07:56:24
ubl_001498,usr_001048,bank_001498,0,2025-12-27T10:50:32
ubl_001499,usr_001049,bank_001499,1,2026-01-01T16:29:51
ubl_001500,usr_001050,bank_001500,1,2026-01-01T14:34:55
ubl_001501,usr_001050,bank_001501,0,2025-12-13T10:59:50
ubl_001502,usr_001051,bank_001502,1,2025-12-12T04:07:51
ubl_001503,usr_001052,bank_001503,1,2025-12-16T00:34:24
ubl_001504,usr_001052,bank_001504,0,2025-12-12T20:01:55
ubl_001505,usr_001053,bank_001505,1,2025-12-31T11:14:10
ubl_001506,usr_001054,bank_001506,1,2026-01-01T23:59:00
ubl_001507,usr_001054,bank_001507,0,2025-12-31T22:15:00
ubl_001508,usr_001055,bank_001508,1,2025-12-24T11:54:22
ubl_001509,usr_001055,bank_001509,0,2025-12-27T23:43:17
ubl_001510,usr_001056,bank_001510,1,2025-12-12T11:12:21
ubl_001511,usr_001057,bank_001511,1,2025-12-30T04:34:48
ubl_001512,usr_001058,bank_001512,1,2025-12-12T17:11:01
ubl_001513,usr_001059,bank_001513,1,2025-12-17T14:04:13
ubl_001514,usr_001060,bank_001514,1,2025-12-31T01:58:33
ubl_001515,usr_001060,bank_001515,0,2025-12-26T13:16:34
ubl_001516,usr_001061,bank_001516,1,2025-12-19T10:18:43
ubl_001517,usr_001061,bank_001517,0,2025-12-22T17:31:31
ubl_001518,usr_001062,bank_001518,1,2026-01-01T23:59:00
ubl_001519,usr_001063,bank_001519,1,2025-12-25T21:07:38
ubl_001520,usr_001064,bank_001520,1,2025-12-19T14:36:14
ubl_001521,usr_001065,bank_001521,1,2025-12-18T19:33:16
ubl_001522,usr_001066,bank_001522,1,2026-01-01T17:10:42
ubl_001523,usr_001066,bank_001523,0,2025-12-13T10:04:37
ubl_001524,usr_001067,bank_001524,1,2025-12-19T15:20:22
ubl_001525,usr_001067,bank_001525,0,2026-01-01T23:59:00
ubl_001526,usr_001068,bank_001526,1,2025-12-19T01:02:37
ubl_001527,usr_001069,bank_001527,1,2026-01-01T22:18:00
ubl_001528,usr_001069,bank_001528,0,2025-12-27T22:06:34
ubl_001529,usr_001070,bank_001529,1,2025-12-24T08:23:35
ubl_001530,usr_001071,bank_001530,1,2025-12-12T13:01:30
ubl_001531,usr_001071,bank_001531,0,2025-12-12T07:29:08
ubl_001532,usr_001072,bank_001532,1,2025-12-28T13:36:31
ubl_001533,usr_001073,bank_001533,1,2025-12-13T16:24:37
ubl_001534,usr_001073,bank_001534,0,2025-12-30T18:20:22
ubl_001535,usr_001074,bank_001535,1,2025-12-19T11:11:29
ubl_001536,usr_001074,bank_001536,0,2025-12-15T19:56:58
ubl_001537,usr_001075,bank_001537,1,2025-12-14T23:04:45
ubl_001538,usr_001075,bank_001538,0,2025-12-27T16:58:35
ubl_001539,usr_001076,bank_001539,1,2025-12-20T15:33:38
ubl_001540,usr_001077,bank_001540,1,2025-12-29T03:03:54
ubl_001541,usr_001078,bank_001541,1,2025-12-28T08:41:55
ubl_001542,usr_001079,bank_001542,1,2025-12-17T11:58:50
ubl_001543,usr_001079,bank_001543,0,2025-12-24T01:23:42
ubl_001544,usr_001080,bank_001544,1,2025-12-14T14:07:27
ubl_001545,usr_001080,bank_001545,0,2026-01-01T23:59:00
ubl_001546,usr_001081,bank_001546,1,2025-12-29T12:31:03
ubl_001547,usr_001082,bank_001547,1,2025-12-19T00:04:15
ubl_001548,usr_001082,bank_001548,0,2025-12-30T20:23:28
ubl_001549,usr_001083,bank_001549,1,2026-01-01T11:26:21
ubl_001550,usr_001084,bank_001550,1,2025-12-24T13:56:52
ubl_001551,usr_001084,bank_001551,0,2025-12-12T09:46:14
ubl_001552,usr_001085,bank_001552,1,2025-12-14T13:44:37
ubl_001553,usr_001086,bank_001553,1,2025-12-22T09:39:57
ubl_001554,usr_001086,bank_001554,0,2025-12-24T13:01:08
ubl_001555,usr_001087,bank_001555,1,2025-12-26T17:03:17
ubl_001556,usr_001087,bank_001556,0,2025-12-25T08:09:22
ubl_001557,usr_001088,bank_001557,1,2025-12-15T18:17:37
ubl_001558,usr_001089,bank_001558,1,2025-12-27T10:30:02
ubl_001559,usr_001089,bank_001559,0,2025-12-17T02:15:05
ubl_001560,usr_001090,bank_001560,1,2025-12-29T10:40:22
ubl_001561,usr_001091,bank_001561,1,2025-12-20T11:04:27
ubl_001562,usr_001091,bank_001562,0,2025-12-15T18:06:44
ubl_001563,usr_001092,bank_001563,1,2025-12-21T09:51:27
ubl_001564,usr_001092,bank_001564,0,2025-12-27T09:50:48
ubl_001565,usr_001093,bank_001565,1,2025-12-30T07:12:33
ubl_001566,usr_001093,bank_001566,0,2025-12-19T19:19:31
ubl_001567,usr_001094,bank_001567,1,2025-12-20T14:31:24
ubl_001568,usr_001095,bank_001568,1,2025-12-15T09:36:32
ubl_001569,usr_001096,bank_001569,1,2025-12-20T07:31:22
ubl_001570,usr_001096,bank_001570,0,2025-12-22T13:07:13
ubl_001571,usr_001097,bank_001571,1,2025-12-15T17:00:13
ubl_001572,usr_001097,bank_001572,0,2025-12-23T12:25:04
ubl_001573,usr_001098,bank_001573,1,2025-12-20T17:13:23
ubl_001574,usr_001099,bank_001574,1,2025-12-23T12:27:58
ubl_001575,usr_001099,bank_001575,0,2025-12-18T19:23:15
ubl_001576,usr_001100,bank_001576,1,2026-01-01T23:59:00
ubl_001577,usr_001100,bank_001577,0,2025-12-18T23:25:47
ubl_001578,usr_001101,bank_001578,1,2025-12-26T11:24:17
ubl_001579,usr_001102,bank_001579,1,2026-01-01T23:59:00
ubl_001580,usr_001103,bank_001580,1,2025-12-21T21:10:37
ubl_001581,usr_001103,bank_001581,0,2025-12-13T18:51:16
ubl_001582,usr_001104,bank_001582,1,2025-12-19T11:54:32
ubl_001583,usr_001104,bank_001583,0,2025-12-17T14:48:07
ubl_001584,usr_001105,bank_001584,1,2025-12-20T09:32:36
ubl_001585,usr_001106,bank_001585,1,2026-01-01T23:59:00
ubl_001586,usr_001107,bank_001586,1,2026-01-01T10:25:15
ubl_001587,usr_001108,bank_001587,1,2025-12-13T09:05:00
ubl_001588,usr_001108,bank_001588,0,2025-12-28T17:15:23
ubl_001589,usr_001109,bank_001589,1,2025-12-22T13:40:01
ubl_001590,usr_001109,bank_001590,0,2025-12-13T07:07:14
ubl_001591,usr_001110,bank_001591,1,2025-12-24T14:00:42
ubl_001592,usr_001111,bank_001592,1,2025-12-18T11:29:12
ubl_001593,usr_001112,bank_001593,1,2025-12-24T17:17:28
ubl_001594,usr_001113,bank_001594,1,2025-12-17T19:03:30
ubl_001595,usr_001113,bank_001595,0,2025-12-22T18:41:43
ubl_001596,usr_001114,bank_001596,1,2026-01-01T23:59:00
ubl_001597,usr_001115,bank_001597,1,2025-12-21T18:19:15
ubl_001598,usr_001115,bank_001598,0,2025-12-22T03:50:37
ubl_001599,usr_001116,bank_001599,1,2025-12-14T15:17:02
ubl_001600,usr_001117,bank_001600,1,2025-12-20T14:01:57
ubl_001601,usr_001118,bank_001601,1,2025-12-13T13:10:25
ubl_001602,usr_001119,bank_001602,1,2025-12-19T11:16:53
ubl_001603,usr_001120,bank_001603,1,2025-12-24T01:17:39
ubl_001604,usr_001120,bank_001604,0,2025-12-22T18:33:23
ubl_001605,usr_001121,bank_001605,1,2025-12-27T07:04:49
ubl_001606,usr_001122,bank_001606,1,2025-12-25T11:53:04
ubl_001607,usr_001123,bank_001607,1,2025-12-26T16:12:24
ubl_001608,usr_001124,bank_001608,1,2025-12-28T15:50:44
ubl_001609,usr_001125,bank_001609,1,2025-12-28T20:46:20
ubl_001610,usr_001125,bank_001610,0,2025-12-22T17:39:45
ubl_001611,usr_001126,bank_001611,1,2025-12-17T19:04:52
ubl_001612,usr_001126,bank_001612,0,2025-12-18T18:32:30
ubl_001613,usr_001127,bank_001613,1,2025-12-27T17:37:27
ubl_001614,usr_001128,bank_001614,1,2025-12-18T19:41:43
ubl_001615,usr_001128,bank_001615,0,2025-12-28T16:33:46
ubl_001616,usr_001129,bank_001616,1,2025-12-13T14:07:06
ubl_001617,usr_001130,bank_001617,1,2025-12-24T12:27:41
ubl_001618,usr_001130,bank_001618,0,2025-12-13T22:42:30
ubl_001619,usr_001131,bank_001619,1,2025-12-22T20:55:09
ubl_001620,usr_001131,bank_001620,0,2025-12-13T17:33:54
ubl_001621,usr_001132,bank_001621,1,2025-12-14T23:55:08
ubl_001622,usr_001133,bank_001622,1,2025-12-27T03:18:21
ubl_001623,usr_001133,bank_001623,0,2025-12-17T16:47:29
ubl_001624,usr_001134,bank_001624,1,2025-12-22T22:34:57
ubl_001625,usr_001135,bank_001625,1,2025-12-30T21:59:34
ubl_001626,usr_001135,bank_001626,0,2025-12-27T15:02:45
ubl_001627,usr_001136,bank_001627,1,2025-12-21T20:26:44
ubl_001628,usr_001137,bank_001628,1,2025-12-17T22:10:34
ubl_001629,usr_001138,bank_001629,1,2025-12-26T11:03:24
ubl_001630,usr_001139,bank_001630,1,2025-12-23T18:32:08
ubl_001631,usr_001140,bank_001631,1,2025-12-13T07:45:17
ubl_001632,usr_001141,bank_001632,1,2025-12-31T23:54:53
ubl_001633,usr_001142,bank_001633,1,2025-12-16T09:24:22
ubl_001634,usr_001143,bank_001634,1,2026-01-01T23:59:00
ubl_001635,usr_001143,bank_001635,0,2025-12-12T07:27:55
ubl_001636,usr_001144,bank_001636,1,2025-12-19T13:14:12
ubl_001637,usr_001145,bank_001637,1,2025-12-31T18:37:52
ubl_001638,usr_001146,bank_001638,1,2025-12-16T15:52:58
ubl_001639,usr_001147,bank_001639,1,2025-12-22T22:18:54
ubl_001640,usr_001147,bank_001640,0,2025-12-31T01:44:32
ubl_001641,usr_001147,bank_001641,0,2025-12-23T21:16:44
ubl_001642,usr_001148,bank_001642,1,2025-12-17T19:31:38
ubl_001643,usr_001148,bank_001643,0,2025-12-18T12:26:47
ubl_001644,usr_001149,bank_001644,1,2025-12-21T15:50:54
ubl_001645,usr_001150,bank_001645,1,2026-01-01T23:59:00
ubl_001646,usr_001151,bank_001646,1,2025-12-25T16:58:11
ubl_001647,usr_001152,bank_001647,1,2025-12-18T14:03:25
ubl_001648,usr_001153,bank_001648,1,2025-12-18T21:12:20
ubl_001649,usr_001153,bank_001649,0,2025-12-14T17:50:53
ubl_001650,usr_001154,bank_001650,1,2025-12-18T11:37:47
ubl_001651,usr_001154,bank_001651,0,2025-12-23T21:40:33
ubl_001652,usr_001155,bank_001652,1,2025-12-17T09:31:19
ubl_001653,usr_001155,bank_001653,0,2025-12-24T15:39:28
ubl_001654,usr_001156,bank_001654,1,2025-12-27T21:44:43
ubl_001724,usr_001156,bank_001720,0,2026-01-29T13:59:00
ubl_001655,usr_001157,bank_001655,1,2025-12-12T16:17:08
ubl_001656,usr_001158,bank_001656,1,2026-01-01T23:59:00
ubl_001657,usr_001159,bank_001657,1,2025-12-29T09:43:50
ubl_001658,usr_001159,bank_001658,0,2025-12-30T11:56:07
ubl_001659,usr_001160,bank_001659,1,2025-12-26T23:05:59
ubl_001660,usr_001160,bank_001660,0,2025-12-26T17:35:03
ubl_001661,usr_001161,bank_001661,1,2025-12-20T21:20:46
ubl_001662,usr_001162,bank_001662,1,2025-12-21T23:45:06
ubl_001663,usr_001162,bank_001663,0,2025-12-17T14:09:50
ubl_001664,usr_001163,bank_001664,1,2025-12-16T14:58:47
ubl_001665,usr_001164,bank_001665,1,2026-01-01T23:59:00
ubl_001666,usr_001165,bank_001666,1,2025-12-18T19:31:13
ubl_001667,usr_001165,bank_001667,0,2025-12-28T09:19:18
ubl_001668,usr_001166,bank_001668,1,2025-12-16T20:25:09
ubl_001669,usr_001167,bank_001669,1,2026-01-01T23:59:00
ubl_001670,usr_001167,bank_001670,0,2025-12-27T22:05:32
ubl_001671,usr_001168,bank_001671,1,2025-12-14T20:02:27
ubl_001672,usr_001168,bank_001672,0,2025-12-13T14:58:00
ubl_001673,usr_001169,bank_001673,1,2025-12-21T07:16:45
ubl_001674,usr_001169,bank_001674,0,2025-12-28T12:32:07
ubl_001675,usr_001170,bank_001675,1,2025-12-18T11:50:31
ubl_001676,usr_001171,bank_001676,1,2025-12-25T04:02:51
ubl_001677,usr_001172,bank_001677,1,2025-12-25T11:03:37
ubl_001678,usr_001172,bank_001678,0,2025-12-21T18:08:38
ubl_001679,usr_001173,bank_001679,1,2025-12-22T22:40:38
ubl_001680,usr_001174,bank_001680,1,2025-12-29T15:19:30
ubl_001681,usr_001175,bank_001681,1,2025-12-29T12:40:49
ubl_001682,usr_001176,bank_001682,1,2025-12-17T12:46:48
ubl_001683,usr_001177,bank_001683,1,2025-12-25T12:14:01
ubl_001684,usr_001177,bank_001684,0,2025-12-25T07:40:05
ubl_001685,usr_001178,bank_001685,1,2025-12-13T07:04:38
ubl_001686,usr_001179,bank_001686,1,2025-12-28T18:50:31
ubl_001687,usr_001180,bank_001687,1,2025-12-21T11:51:49
ubl_001688,usr_001180,bank_001688,0,2025-12-18T21:59:53
ubl_001689,usr_001181,bank_001689,1,2025-12-12T23:54:35
ubl_001690,usr_001182,bank_001690,1,2025-12-30T22:10:29
ubl_001691,usr_001182,bank_001691,0,2025-12-23T15:52:41
ubl_001692,usr_001183,bank_001692,1,2025-12-24T18:21:56
ubl_001693,usr_001183,bank_001693,0,2025-12-17T23:23:46
ubl_001694,usr_001183,bank_001694,0,2025-12-18T15:16:01
ubl_001695,usr_001184,bank_001695,1,2025-12-21T21:07:54
ubl_001696,usr_001185,bank_001696,1,2025-12-30T17:31:20
ubl_001697,usr_001186,bank_001697,1,2025-12-28T12:21:54
ubl_001698,usr_001187,bank_001698,1,2026-01-01T23:59:00
ubl_001699,usr_001188,bank_001699,1,2025-12-21T11:06:07
ubl_001700,usr_001188,bank_001700,0,2025-12-31T12:08:16
ubl_001701,usr_001189,bank_001701,1,2025-12-15T21:33:16
ubl_001702,usr_001190,bank_001702,1,2025-12-25T13:04:20
ubl_001703,usr_001191,bank_001703,1,2026-01-01T09:01:52
ubl_001704,usr_001192,bank_001704,1,2025-12-24T07:58:46
ubl_001705,usr_001192,bank_001705,0,2025-12-14T15:37:53
ubl_001706,usr_001193,bank_001706,1,2025-12-29T12:15:39
ubl_001707,usr_001193,bank_001707,0,2025-12-18T08:36:06
ubl_001708,usr_001194,bank_001708,1,2025-12-20T15:04:01
ubl_001709,usr_001195,bank_001709,1,2025-12-14T23:23:15
ubl_001710,usr_001196,bank_001710,1,2025-12-15T13:33:13
ubl_001711,usr_001196,bank_001711,0,2025-12-19T07:46:50
ubl_001712,usr_001196,bank_001712,0,2026-01-01T23:59:00
ubl_001713,usr_001197,bank_001713,1,2025-12-31T13:46:19
ubl_001714,usr_001197,bank_001714,0,2025-12-27T08:10:50
ubl_001715,usr_001198,bank_001715,1,2025-12-29T12:50:57
ubl_001716,usr_001198,bank_001716,0,2026-01-01T20:01:07
ubl_001717,usr_001199,bank_001717,1,2025-12-31T14:51:18
ubl_001718,usr_001200,bank_001718,1,2025-12-31T22:18:54
ubl_001719,usr_001200,bank_001719,0,2025-12-14T23:48:00
